product_id,product_name,category,origin_country,store_id,weekly_sales,base_price,current_tariff (%),stock_quantity,demand_score,substitute_ids
P0001,Face Footwea,Footwear,Bangladesh,S025,4391,424.33,5,131,0.54,"P0714,P0018,P0262"
P0002,Itself Jewelr,Jewelry,USA,S034,1573,873.3,5,285,0.36,"P0321,P0488,P0054"
P0003,Finish Toy,Toys,USA,S003,526,994.59,5,73,0.49,"P0825,P0727,P0264"
P0004,Dog Home Appliance,Home Appliances,India,S010,3632,1360.41,20,835,0.54,"P0274,P0352,P0540"
P0005,Case Footwea,Footwear,Vietnam,S076,967,456.03,10,100,0.96,"P0009,P0024,P0636"
P0006,Produce Tool,Tools,USA,S042,71,1000.32,5,706,0.45,"P0126,P0431,P0699"
P0007,Race Home Appliance,Home Appliances,South Korea,S089,3605,1633.54,15,991,0.07,"P0811,P0922,P0740"
P0008,Tree Furnitur,Furniture,Vietnam,S057,152,409.07,5,815,0.7,"P0612,P0314,P0852"
P0009,Look Toy,Toys,Indonesia,S012,741,1340.45,5,172,0.36,"P0781,P0266,P0260"
P0010,Home Footwea,Footwear,India,S023,322,1144.89,20,660,0.17,"P0738,P0691,P0591"
P0011,Send Tool,Tools,Germany,S007,2849,181.26,10,981,0.84,"P0165,P0523,P0610"
P0012,Cultural Appare,Apparel,India,S096,349,481.26,10,97,0.75,"P0834,P0766,P0942"
P0013,Finish Health & Beaut,Health & Beauty,USA,S066,68,1241.56,15,573,0.98,"P0452,P0732,P0011"
P0014,Do Furnitur,Furniture,USA,S032,4543,582.15,5,524,0.78,"P0320,P0142,P0026"
P0015,Although Appare,Apparel,Bangladesh,S003,3660,158.27,20,96,0.65,"P0965,P0309,P0126"
P0016,Successful Footwea,Footwear,Vietnam,S069,2425,1632.49,15,43,0.05,"P0756,P0402,P0179"
P0017,Grow Appare,Apparel,Bangladesh,S072,2304,679.49,15,587,0.51,"P0552,P0888,P0788"
P0018,Simply Health & Beaut,Health & Beauty,Germany,S085,794,1071.83,10,65,0.27,"P0126,P0784,P0581"
P0019,Executive Appare,Apparel,Pakistan,S024,2459,313.93,5,881,0.47,"P0148,P0856,P0518"
P0020,Shake Grocerie,Groceries,USA,S083,3092,963.1,5,353,0.14,"P0326,P0834,P0803"
P0021,Music Toy,Toys,Indonesia,S088,1910,1057.42,20,680,0.24,"P0694,P0782,P0806"
P0022,They Toy,Toys,China,S002,1333,461.54,20,359,0.68,"P0948,P0790,P0420"
P0023,Both Jewelr,Jewelry,USA,S053,4912,469.85,20,276,0.13,"P0077,P0163,P0077"
P0024,Line Health & Beaut,Health & Beauty,Germany,S051,961,637.54,20,616,0.58,"P0540,P0436,P0231"
P0025,World Grocerie,Groceries,Mexico,S034,1507,553.92,15,318,0.45,"P0628,P0271,P0974"
P0026,Professor Appare,Apparel,Pakistan,S074,4379,1880.25,5,191,0.53,"P0904,P0200,P0049"
P0027,Phone Tool,Tools,USA,S023,2710,1481.45,20,441,0.55,"P0303,P0004,P0880"
P0028,Especially Toy,Toys,China,S005,4127,742.41,5,270,0.36,"P1000,P0433,P0054"
P0029,Shoulder Toy,Toys,USA,S087,111,1250,15,595,0.83,"P0944,P0001,P0937"
P0030,Believe Home Appliance,Home Appliances,USA,S088,2265,231.03,10,972,0.43,"P0144,P0676,P0957"
P0031,Out Furnitur,Furniture,Vietnam,S044,4620,722.91,20,872,0.79,"P0115,P0415,P0895"
P0032,Production Toy,Toys,Vietnam,S088,3489,926.64,20,133,0.24,"P0648,P0843,P0605"
P0033,Success Jewelr,Jewelry,India,S084,1213,1452.66,15,722,0.86,"P0176,P0571,P0968"
P0034,Cover Footwea,Footwear,India,S042,1222,1195.79,10,85,0.14,"P0339,P0039,P0489"
P0035,Student Footwea,Footwear,USA,S041,2908,1235.87,10,738,0.19,"P0096,P0358,P0733"
P0036,Fill Jewelr,Jewelry,India,S081,4616,487.23,10,131,0.74,"P0337,P0703,P0956"
P0037,Time Furnitur,Furniture,China,S050,758,1322.22,20,476,0.91,"P0763,P0588,P0545"
P0038,Half Health & Beaut,Health & Beauty,USA,S091,819,1664.75,20,677,0.22,"P0270,P0615,P0241"
P0039,Order Health & Beaut,Health & Beauty,France,S009,722,337.3,15,412,0.68,"P0769,P0985,P0774"
P0040,Public Grocerie,Groceries,Argentina,S069,2795,1927.2,10,892,0.28,"P0418,P0605,P0491"
P0041,Even Grocerie,Groceries,USA,S086,4500,1242.77,5,35,0.61,"P0314,P0127,P0382"
P0042,Late Grocerie,Groceries,Brazil,S080,3933,1802.29,15,493,0.55,"P0532,P0633,P0167"
P0043,Themselves Grocerie,Groceries,Brazil,S025,1181,719.9,20,895,0.16,"P0694,P0857,P0030"
P0044,Find Electronic,Electronics,Vietnam,S074,4533,1153.21,5,18,0.44,"P0094,P0042,P0417"
P0045,Bed Electronic,Electronics,South Korea,S028,4519,1781.29,20,342,0.12,"P0347,P0048,P0719"
P0046,Sort Grocerie,Groceries,Argentina,S016,3637,357.04,15,547,0.37,"P0667,P0165,P0917"
P0047,On Toy,Toys,China,S066,1387,168.43,5,585,0.93,"P0957,P0939,P0653"
P0048,Rate Footwea,Footwear,USA,S083,770,771.11,10,32,0.73,"P0623,P0291,P0669"
P0049,National Appare,Apparel,Pakistan,S001,1024,1306.04,15,997,0.95,"P0917,P0178,P0804"
P0050,Value Furnitur,Furniture,Malaysia,S026,1513,35.5,20,7,0.34,"P0581,P0604,P0694"
P0051,Operation Jewelr,Jewelry,China,S019,206,1469.09,15,657,0.23,"P0168,P0741,P0738"
P0052,Give Health & Beaut,Health & Beauty,India,S086,4117,1918.48,10,353,0.88,"P0769,P0643,P0462"
P0053,Various Jewelr,Jewelry,USA,S041,1684,1953.47,10,45,0.18,"P0410,P0956,P0114"
P0054,Different Grocerie,Groceries,Mexico,S034,2252,640.87,5,742,0.49,"P0684,P0830,P0649"
P0055,Hotel Appare,Apparel,Vietnam,S066,1471,1338.05,20,294,0.89,"P0959,P0905,P0010"
P0056,Race Electronic,Electronics,USA,S035,3699,1149.04,20,936,0.01,"P0890,P0782,P0958"
P0057,Every Toy,Toys,Indonesia,S056,1241,1491.5,10,240,0.28,"P0300,P0687,P0459"
P0058,Onto Toy,Toys,USA,S034,3661,1376.43,20,780,0.91,"P0123,P0018,P0986"
P0059,Within Furnitur,Furniture,USA,S080,3389,1233.08,20,139,0.6,"P0734,P0549,P0138"
P0060,Affect Footwea,Footwear,Bangladesh,S072,4389,511.92,10,414,0.49,"P0735,P0657,P0266"
P0061,Election Tool,Tools,Mexico,S057,450,880.89,5,925,0.05,"P0474,P0999,P0495"
P0062,Population Electronic,Electronics,USA,S002,3331,1010.18,10,321,0.03,"P0443,P0960,P0772"
P0063,Born Footwea,Footwear,Bangladesh,S093,4040,177.38,15,978,0.81,"P0760,P0099,P0433"
P0064,Plan Toy,Toys,Vietnam,S022,4882,628.07,10,625,0.26,"P0271,P0803,P0092"
P0065,Serve Health & Beaut,Health & Beauty,India,S071,2326,789.66,15,197,0.5,"P0618,P0621,P0441"
P0066,Budget Toy,Toys,China,S044,1292,1056.09,15,137,0.3,"P0526,P0773,P0068"
P0067,Become Electronic,Electronics,Vietnam,S074,3539,900.42,15,789,0.8,"P0123,P0657,P0099"
P0068,Candidate Furnitur,Furniture,Malaysia,S037,2454,1123.69,20,672,0.48,"P0531,P0756,P0212"
P0069,Citizen Electronic,Electronics,South Korea,S065,3953,1660.88,20,628,0.03,"P0353,P0597,P0800"
P0070,Check Furnitur,Furniture,Vietnam,S028,3149,526.07,5,860,0.24,"P0990,P0698,P0985"
P0071,Interesting Tool,Tools,USA,S098,4652,1822.37,20,656,0.18,"P0799,P0255,P0381"
P0072,Strategy Footwea,Footwear,India,S080,3401,1254.39,15,293,0.55,"P0136,P0031,P0381"
P0073,Glass Grocerie,Groceries,USA,S024,4663,976.28,10,109,0.33,"P0146,P0348,P0232"
P0074,Course Grocerie,Groceries,Mexico,S006,1722,172.93,10,614,0.66,"P0513,P0337,P0462"
P0075,Price Footwea,Footwear,Vietnam,S044,364,1844.19,20,486,0.84,"P0206,P0148,P0967"
P0076,World Grocerie,Groceries,USA,S017,4723,1617.47,10,656,0.27,"P0281,P0560,P0734"
P0077,School Health & Beaut,Health & Beauty,France,S014,3016,382.13,5,43,0.59,"P0027,P0609,P0109"
P0078,Six Jewelr,Jewelry,India,S052,2459,1437.87,10,613,0.45,"P0120,P0184,P0707"
P0079,Human Electronic,Electronics,China,S056,2008,1208.83,10,976,0.39,"P0319,P0244,P0584"
P0080,Summer Health & Beaut,Health & Beauty,USA,S084,1430,894.13,10,527,0.87,"P0356,P0428,P0791"
P0081,Career Home Appliance,Home Appliances,China,S054,735,764.37,15,358,0.95,"P0565,P0794,P0447"
P0082,Four Grocerie,Groceries,Mexico,S033,3410,1248.27,15,825,0.88,"P0769,P0408,P0603"
P0083,Final Grocerie,Groceries,Argentina,S003,1144,1848.96,20,260,0.37,"P0351,P0661,P0715"
P0084,Purpose Toy,Toys,USA,S020,4990,1345.14,20,534,0.64,"P0578,P0899,P0356"
P0085,Republican Toy,Toys,USA,S018,3152,209.42,15,495,0.01,"P0868,P0005,P0304"
P0086,Space Home Appliance,Home Appliances,USA,S067,3443,865.58,15,277,0.76,"P0471,P0078,P0443"
P0087,Quality Grocerie,Groceries,USA,S019,2345,1212.88,10,321,0.33,"P0004,P0863,P0933"
P0088,Art Electronic,Electronics,USA,S085,3388,1279.41,15,510,0.63,"P0366,P0644,P0510"
P0089,Manager Jewelr,Jewelry,China,S003,4827,624.82,10,540,0.68,"P0388,P0423,P0676"
P0090,Ok Home Appliance,Home Appliances,India,S075,1383,1172.37,10,252,0.35,"P0737,P0760,P0165"
P0091,Here Appare,Apparel,India,S009,4836,717.23,15,386,0.66,"P0945,P0334,P0628"
P0092,Occur Toy,Toys,China,S020,1221,349.28,20,913,0.74,"P0062,P0654,P0504"
P0093,Attention Health & Beaut,Health & Beauty,India,S083,1811,1544.09,5,160,0.17,"P0274,P0059,P0137"
P0094,Effort Toy,Toys,China,S042,1613,116.76,5,255,0.59,"P0789,P0501,P0437"
P0095,Notice Appare,Apparel,India,S081,639,161.11,10,611,0.63,"P0349,P0377,P0171"
P0096,Local Electronic,Electronics,USA,S069,730,1511.35,5,691,0.55,"P0503,P0567,P0103"
P0097,Industry Health & Beaut,Health & Beauty,France,S078,1400,346.12,10,847,0.18,"P0816,P0212,P0858"
P0098,Produce Jewelr,Jewelry,USA,S096,3459,59.57,15,584,0.98,"P0806,P0132,P0375"
P0099,Hard Home Appliance,Home Appliances,India,S005,4771,1941.3,10,418,0.23,"P0386,P0905,P0244"
P0100,Plant Footwea,Footwear,Bangladesh,S071,690,846.73,15,866,0.85,"P0706,P0625,P0640"
P0101,Two Health & Beaut,Health & Beauty,Germany,S051,4953,1795,20,311,0.44,"P0863,P0141,P0343"
P0102,Reason Grocerie,Groceries,Brazil,S057,2710,1802.96,5,647,0.11,"P0894,P0633,P0449"
P0103,Us Home Appliance,Home Appliances,South Korea,S069,386,984.59,20,842,0.89,"P0718,P0038,P0635"
P0104,Social Grocerie,Groceries,Argentina,S079,3761,1315.9,5,915,0.61,"P0751,P0770,P0281"
P0105,Like Health & Beaut,Health & Beauty,USA,S007,4114,1952.11,20,988,0.25,"P0786,P0629,P0952"
P0106,Baby Footwea,Footwear,India,S087,2784,309.56,20,472,0.67,"P0209,P0256,P0292"
P0107,Only Footwea,Footwear,Vietnam,S027,1181,572.83,10,724,0.68,"P0375,P0659,P0303"
P0108,What Health & Beaut,Health & Beauty,Germany,S046,3607,1358.29,10,824,0.35,"P0504,P0172,P0048"
P0109,Know Toy,Toys,Indonesia,S053,378,1927.38,15,607,0.38,"P0772,P0646,P0389"
P0110,Shake Furnitur,Furniture,USA,S087,1578,461.16,20,667,0.03,"P0706,P0434,P0336"
P0111,Somebody Toy,Toys,China,S001,2631,945.58,10,160,0.56,"P0765,P0617,P0403"
P0112,But Furnitur,Furniture,Vietnam,S002,2740,1785.34,10,958,1,"P0828,P0855,P0875"
P0113,Heart Footwea,Footwear,Vietnam,S071,4760,329.84,20,173,0.18,"P0805,P0332,P0031"
P0114,Space Home Appliance,Home Appliances,USA,S079,1796,1082.39,10,733,0.28,"P0405,P0512,P0176"
P0115,Make Grocerie,Groceries,Mexico,S060,4847,1512.56,10,592,0.44,"P0915,P0744,P0991"
P0116,Seem Grocerie,Groceries,USA,S065,4660,1995.49,20,895,0.36,"P0826,P0171,P0689"
P0117,Under Toy,Toys,China,S060,4143,788.3,15,883,0.4,"P0913,P0442,P0929"
P0118,Dinner Jewelr,Jewelry,India,S050,749,132.11,20,591,0.62,"P0750,P0974,P0159"
P0119,Political Furnitur,Furniture,China,S035,3211,208.33,15,913,0.55,"P0740,P0734,P0696"
P0120,Possible Electronic,Electronics,Vietnam,S051,3549,942.65,5,725,0.62,"P0673,P0201,P0069"
P0121,Community Home Appliance,Home Appliances,USA,S072,1149,1153,10,625,0.23,"P0502,P0711,P0604"
P0122,Skin Tool,Tools,USA,S034,1397,738.64,10,373,0.79,"P0644,P0816,P0708"
P0123,Fight Health & Beaut,Health & Beauty,USA,S092,1540,1240.26,10,880,0.9,"P0536,P0428,P0165"
P0124,Others Tool,Tools,USA,S082,2974,1916.84,5,377,0.25,"P0608,P0625,P0450"
P0125,Pressure Furnitur,Furniture,Malaysia,S028,4080,10.97,15,240,0.15,"P0349,P0530,P0778"
P0126,Again Tool,Tools,China,S001,1924,1627.95,5,79,0.35,"P0675,P0473,P0924"
P0127,Into Furnitur,Furniture,China,S069,1188,1379.32,15,946,0.23,"P0382,P0374,P0373"
P0128,Discussion Electronic,Electronics,Vietnam,S017,3568,1318.4,15,36,0.46,"P0329,P0554,P0625"
P0129,Special Furnitur,Furniture,USA,S068,425,621.13,5,767,0.06,"P0450,P0325,P0042"
P0130,Difficult Appare,Apparel,Vietnam,S082,4579,168.74,15,158,0.73,"P0046,P0790,P0887"
P0131,Right Furnitur,Furniture,China,S091,950,586.37,15,317,0.09,"P0641,P0340,P0526"
P0132,Surface Home Appliance,Home Appliances,South Korea,S011,2113,657.28,20,126,0.96,"P0788,P0985,P0648"
P0133,Against Health & Beaut,Health & Beauty,India,S042,1179,627.99,5,245,0.94,"P0435,P0121,P0844"
P0134,Edge Jewelr,Jewelry,Thailand,S017,1538,1220.22,15,337,0.71,"P0970,P0402,P0773"
P0135,Financial Jewelr,Jewelry,Thailand,S023,2920,229.85,10,215,0.61,"P0959,P0405,P0641"
P0136,Mother Jewelr,Jewelry,USA,S075,2842,1957.52,10,583,0.4,"P0077,P0684,P0555"
P0137,Quite Toy,Toys,China,S085,4193,1913.23,5,550,0.87,"P0770,P0021,P0222"
P0138,One Furnitur,Furniture,China,S050,3673,1627.61,5,429,0.05,"P0752,P0736,P0282"
P0139,Scientist Toy,Toys,Indonesia,S062,2822,89.28,15,815,0.16,"P0322,P0802,P0904"
P0140,And Health & Beaut,Health & Beauty,India,S058,1431,1628.38,15,624,0.59,"P0707,P0476,P0576"
P0141,Threat Jewelr,Jewelry,USA,S033,662,733.62,20,389,0.04,"P0812,P0623,P0069"
P0142,First Toy,Toys,Indonesia,S086,2584,1423.11,5,67,0.83,"P0038,P0193,P0248"
P0143,Begin Jewelr,Jewelry,Thailand,S093,77,911.01,20,258,0.03,"P0387,P0712,P0832"
P0144,Every Grocerie,Groceries,Brazil,S007,4843,977.37,15,561,0.68,"P0119,P0365,P0222"
P0145,War Toy,Toys,China,S017,3984,27.11,10,859,0.77,"P0016,P0684,P0042"
P0146,Right Electronic,Electronics,South Korea,S086,4930,1172.25,20,564,0.23,"P0659,P0420,P0663"
P0147,Certainly Footwea,Footwear,USA,S076,2813,139.27,10,296,0.19,"P0992,P0453,P0178"
P0148,Control Home Appliance,Home Appliances,India,S015,2790,1679.92,15,960,0.43,"P0950,P0019,P0030"
P0149,Two Appare,Apparel,India,S091,1941,1971.57,5,926,0.3,"P0434,P0329,P0356"
P0150,Program Appare,Apparel,Pakistan,S039,4807,208.26,15,701,0.15,"P0172,P0793,P0569"
P0151,Stuff Electronic,Electronics,Vietnam,S056,4627,112.84,15,626,0.86,"P0209,P0338,P0010"
P0152,Read Footwea,Footwear,USA,S089,779,164.49,5,537,0.09,"P0457,P0117,P0159"
P0153,Letter Electronic,Electronics,China,S097,775,559.24,20,336,0.56,"P0037,P0398,P0694"
P0154,Discuss Jewelr,Jewelry,India,S020,3570,948.09,5,186,0.16,"P0294,P0552,P0548"
P0155,Role Jewelr,Jewelry,India,S016,1378,1968.87,10,587,0.08,"P0380,P0261,P0945"
P0156,From Health & Beaut,Health & Beauty,Germany,S079,418,1812.58,20,155,0.89,"P0842,P0156,P0802"
P0157,Machine Electronic,Electronics,Vietnam,S023,1600,576.17,5,575,0.44,"P0519,P0066,P0612"
P0158,Section Jewelr,Jewelry,India,S002,706,1339.63,20,156,0.44,"P0475,P0830,P0293"
P0159,Movement Furnitur,Furniture,China,S009,4351,251.2,10,118,0.26,"P0605,P0522,P0900"
P0160,Purpose Furnitur,Furniture,China,S050,3485,94.28,5,990,0.73,"P0822,P0356,P0089"
P0161,Evidence Appare,Apparel,Bangladesh,S072,1744,1996.72,20,680,0.78,"P0767,P0807,P0092"
P0162,Notice Tool,Tools,USA,S034,1731,448.19,15,397,0.83,"P0304,P0497,P0084"
P0163,Food Grocerie,Groceries,USA,S044,2422,736.24,20,443,0.36,"P0502,P0904,P0167"
P0164,Across Tool,Tools,Germany,S075,3568,1432.2,5,531,0.63,"P0134,P0579,P0322"
P0165,Well Jewelr,Jewelry,USA,S089,3743,475.89,15,692,0.33,"P0682,P0450,P0428"
P0166,Government Appare,Apparel,Vietnam,S046,4869,98.1,10,90,0.3,"P0025,P0605,P0191"
P0167,Customer Electronic,Electronics,USA,S047,4344,1900.65,15,954,0.41,"P0145,P0722,P0107"
P0168,Administration Grocerie,Groceries,Argentina,S027,4396,1304.04,10,631,0.44,"P0143,P0593,P0118"
P0169,Health Jewelr,Jewelry,Thailand,S090,3461,1171.24,10,892,0.4,"P0964,P0722,P0302"
P0170,Learn Tool,Tools,Germany,S068,2050,1417.58,10,477,0.4,"P0568,P0256,P0954"
P0171,Open Home Appliance,Home Appliances,USA,S040,4674,1573.58,15,108,0.06,"P0355,P0283,P0421"
P0172,Whole Tool,Tools,Mexico,S036,3882,960.29,10,795,0.8,"P0288,P0059,P0771"
P0173,Task Furnitur,Furniture,Vietnam,S095,1515,1830.81,10,350,0.75,"P0332,P0700,P0896"
P0174,Rich Grocerie,Groceries,Brazil,S036,3955,853.16,20,769,0.85,"P0403,P0177,P0685"
P0175,Culture Tool,Tools,Germany,S023,3843,1271.88,15,227,0.28,"P0585,P0752,P0804"
P0176,Build Jewelr,Jewelry,India,S074,1444,1188.54,15,794,0.46,"P0473,P0531,P0483"
P0177,Choice Jewelr,Jewelry,USA,S023,170,806.36,10,603,0.08,"P0794,P0912,P0788"
P0178,Policy Home Appliance,Home Appliances,China,S083,473,1446.82,5,213,0.77,"P0450,P0681,P0685"
P0179,Mr Furnitur,Furniture,China,S038,245,1339.36,10,847,0.98,"P0494,P0216,P0883"
P0180,Perform Home Appliance,Home Appliances,USA,S071,3968,1567.55,20,419,0.38,"P0235,P0114,P0901"
P0181,Capital Health & Beaut,Health & Beauty,Germany,S074,1017,1261.26,20,572,0.73,"P0758,P0429,P0389"
P0182,Push Footwea,Footwear,Bangladesh,S051,4139,286.34,15,403,0.81,"P0866,P0336,P0701"
P0183,Behind Tool,Tools,Germany,S067,3884,805.94,20,297,0.33,"P0774,P0089,P0683"
P0184,Thus Grocerie,Groceries,Mexico,S095,2589,782.25,15,570,0.62,"P0209,P0543,P0201"
P0185,Fund Toy,Toys,USA,S062,2742,1546.08,5,866,0.72,"P0863,P0963,P0785"
P0186,Government Jewelr,Jewelry,Thailand,S050,2715,437.63,5,815,0.8,"P0842,P0028,P0708"
P0187,What Footwea,Footwear,Bangladesh,S071,4713,1397.15,5,539,0.31,"P0300,P0411,P0658"
P0188,Game Health & Beaut,Health & Beauty,Germany,S094,1325,101.99,5,827,0.83,"P0578,P0962,P0864"
P0189,Piece Toy,Toys,China,S097,2476,1701.92,15,582,0.88,"P0847,P0059,P0609"
P0190,Success Footwea,Footwear,India,S046,1819,651.21,20,461,0.84,"P0712,P0253,P0141"
P0191,Rate Home Appliance,Home Appliances,South Korea,S030,2118,1926.42,5,862,0.82,"P0926,P0030,P0205"
P0192,Either Appare,Apparel,Pakistan,S042,4655,1992.55,10,873,0.61,"P0641,P0399,P0765"
P0193,At Footwea,Footwear,Vietnam,S057,4754,892.71,20,952,0.53,"P0941,P0297,P0379"
P0194,Reality Tool,Tools,Germany,S098,4188,411.48,10,396,0.17,"P0470,P0368,P0703"
P0195,Weight Tool,Tools,Germany,S044,3576,437.6,20,384,0.73,"P0501,P0876,P0183"
P0196,Ball Footwea,Footwear,Vietnam,S011,3629,1598.01,15,947,0.26,"P0537,P0100,P0855"
P0197,Hundred Home Appliance,Home Appliances,South Korea,S059,585,459.21,10,244,0.66,"P0267,P0929,P0459"
P0198,There Appare,Apparel,Pakistan,S035,698,1968.73,20,166,0.65,"P0247,P0995,P0449"
P0199,Factor Grocerie,Groceries,Argentina,S074,4700,1703.53,5,855,0.36,"P0607,P0021,P0043"
P0200,Southern Electronic,Electronics,USA,S012,3790,1801.98,10,881,0.55,"P0995,P0894,P0967"
P0201,Front Jewelr,Jewelry,China,S089,3184,1283.1,10,412,0.57,"P0529,P0031,P0471"
P0202,Open Footwea,Footwear,Bangladesh,S015,4385,464.25,15,707,0.01,"P0579,P0580,P0696"
P0203,Really Jewelr,Jewelry,USA,S003,287,211.82,20,174,0.84,"P0412,P0222,P0165"
P0204,Research Toy,Toys,USA,S046,618,1580.26,20,652,0.58,"P0379,P0797,P0378"
P0205,White Home Appliance,Home Appliances,USA,S078,2118,546.85,15,177,0.37,"P0535,P0109,P0745"
P0206,Color Toy,Toys,USA,S017,4309,222.55,5,484,0.85,"P0617,P0167,P0339"
P0207,Big Footwea,Footwear,Bangladesh,S014,1145,1223.69,10,807,0.79,"P0176,P0228,P0130"
P0208,Must Jewelr,Jewelry,USA,S091,4536,894.67,10,98,0.72,"P0779,P0012,P0873"
P0209,Fear Jewelr,Jewelry,China,S083,2095,1397.16,5,274,0.46,"P0987,P0462,P0769"
P0210,Send Home Appliance,Home Appliances,South Korea,S031,1080,353.94,15,549,0,"P0413,P0720,P0253"
P0211,Why Jewelr,Jewelry,Thailand,S082,2337,736.82,20,81,0.84,"P0294,P0613,P0327"
P0212,Chance Electronic,Electronics,China,S007,392,447.57,20,840,0.89,"P0017,P0746,P0852"
P0213,Almost Health & Beaut,Health & Beauty,France,S091,1898,1722.03,5,568,0.87,"P0846,P0801,P0866"
P0214,Alone Home Appliance,Home Appliances,South Korea,S010,491,800.51,15,742,0.81,"P0545,P0509,P0316"
P0215,Yeah Tool,Tools,USA,S078,377,433.88,5,328,0.24,"P0822,P0755,P0380"
P0216,Plant Footwea,Footwear,India,S023,3784,1688.76,5,757,0.84,"P0409,P0841,P0833"
P0217,Claim Footwea,Footwear,Vietnam,S081,3865,725.41,10,893,0.49,"P0200,P0281,P0761"
P0218,Respond Jewelr,Jewelry,USA,S027,2747,1448.64,10,172,0.86,"P0046,P0308,P0297"
P0219,Season Appare,Apparel,India,S056,2738,723.85,10,751,0.29,"P0104,P0716,P0782"
P0220,Service Toy,Toys,China,S081,4442,1417.57,10,902,0.96,"P0173,P0651,P0671"
P0221,Important Appare,Apparel,Bangladesh,S061,4201,1116.92,10,335,0.2,"P0681,P0167,P0965"
P0222,Main Health & Beaut,Health & Beauty,France,S023,1984,995.94,5,946,0.98,"P0803,P0021,P0089"
P0223,Claim Furnitur,Furniture,China,S069,2090,810.61,20,468,0.94,"P0857,P0942,P0504"
P0224,Recently Health & Beaut,Health & Beauty,USA,S040,3550,826.21,5,55,0.39,"P0632,P0723,P0604"
P0225,Piece Electronic,Electronics,China,S071,2760,1454.78,5,623,0.95,"P0989,P0061,P0135"
P0226,Yes Appare,Apparel,India,S070,77,266.61,15,54,0.73,"P0949,P0108,P0350"
P0227,Similar Tool,Tools,Germany,S030,678,1797.49,15,923,0.06,"P0733,P0492,P0729"
P0228,Wind Grocerie,Groceries,Brazil,S084,3881,1490.99,15,667,0.98,"P0816,P0953,P0874"
P0229,According Tool,Tools,China,S036,3671,102.48,5,238,0.58,"P0292,P0628,P0516"
P0230,Bag Health & Beaut,Health & Beauty,Germany,S035,4284,836.99,15,167,0.35,"P0105,P0792,P0928"
P0231,Painting Jewelr,Jewelry,USA,S079,3669,1294.38,15,607,0.85,"P0924,P0312,P0573"
P0232,Mind Home Appliance,Home Appliances,China,S083,695,1170.42,15,425,0.99,"P0109,P0594,P0868"
P0233,Claim Electronic,Electronics,China,S041,2988,1424.48,10,917,0.66,"P0863,P0527,P0769"
P0234,Baby Home Appliance,Home Appliances,India,S041,4674,1338.72,5,309,0.58,"P0256,P0887,P0664"
P0235,Future Furnitur,Furniture,China,S093,2237,1663.56,20,532,0.67,"P0751,P0151,P0231"
P0236,Detail Furnitur,Furniture,Malaysia,S032,3830,861.45,15,406,0.39,"P0914,P0900,P0537"
P0237,Voice Toy,Toys,China,S083,1426,1912.38,15,255,0.08,"P0682,P0726,P0563"
P0238,Group Tool,Tools,USA,S059,3843,388.56,5,451,0.55,"P0183,P0982,P0307"
P0239,Particularly Home Appliance,Home Appliances,USA,S002,4209,255.29,15,237,0.96,"P0103,P0744,P0193"
P0240,Hand Health & Beaut,Health & Beauty,India,S094,4854,1663.53,15,197,0.45,"P0480,P0483,P0268"
P0241,Senior Home Appliance,Home Appliances,South Korea,S059,4595,1131.35,10,492,0.33,"P0240,P0500,P0582"
P0242,Floor Toy,Toys,USA,S005,3789,920.91,10,694,0.71,"P0100,P0988,P0882"
P0243,And Home Appliance,Home Appliances,India,S057,1874,1997.97,5,922,0.97,"P0522,P0668,P0993"
P0244,Coach Electronic,Electronics,Vietnam,S070,4127,573.6,5,443,0.91,"P0576,P0449,P0344"
P0245,No Health & Beaut,Health & Beauty,India,S066,220,711.11,15,164,0.09,"P0070,P0832,P0057"
P0246,Attorney Appare,Apparel,Vietnam,S028,3687,1304.68,20,94,0.77,"P0840,P0533,P0028"
P0247,Ok Grocerie,Groceries,Argentina,S059,1489,945.65,20,721,0.18,"P0200,P0774,P0126"
P0248,Need Tool,Tools,China,S014,2817,1601.54,10,455,0.02,"P0222,P0126,P0907"
P0249,About Tool,Tools,China,S096,3883,1670.5,5,905,0.44,"P0593,P0889,P0552"
P0250,Most Footwea,Footwear,Bangladesh,S097,313,367.8,10,32,0.46,"P0006,P0098,P0159"
P0251,Born Tool,Tools,Mexico,S087,783,273.66,5,254,0.98,"P0225,P0976,P0471"
P0252,State Furnitur,Furniture,USA,S077,2618,1987.75,15,869,0.65,"P0098,P0796,P0246"
P0253,Natural Footwea,Footwear,Vietnam,S097,3147,607.7,20,45,0.13,"P0700,P0289,P0888"
P0254,Keep Electronic,Electronics,USA,S047,4722,1165.98,10,142,0.11,"P0471,P0233,P0780"
P0255,Church Toy,Toys,USA,S016,4405,651.77,20,341,0.28,"P0488,P0616,P0606"
P0256,Lose Jewelr,Jewelry,China,S001,334,65.02,20,289,0.95,"P0642,P0328,P0915"
P0257,Political Furnitur,Furniture,China,S015,3462,221.78,15,897,0.47,"P0743,P0704,P0034"
P0258,Site Health & Beaut,Health & Beauty,Germany,S084,2667,946.35,15,938,0.84,"P0131,P0042,P0209"
P0259,Happen Toy,Toys,Indonesia,S019,2924,920.95,10,0,0.94,"P0265,P0505,P0242"
P0260,Plan Appare,Apparel,Vietnam,S088,3784,1253.71,10,826,0.97,"P0928,P0156,P0772"
P0261,Everybody Grocerie,Groceries,Mexico,S066,216,1404.63,15,766,0.68,"P0795,P0814,P0495"
P0262,Write Toy,Toys,Vietnam,S059,4821,1449.96,10,825,0.36,"P0686,P0479,P0705"
P0263,Least Health & Beaut,Health & Beauty,USA,S082,3025,942.74,10,646,0.21,"P0538,P0419,P0854"
P0264,Mr Furnitur,Furniture,USA,S033,4549,172.81,5,202,0.21,"P0487,P0170,P0094"
P0265,Turn Footwea,Footwear,Bangladesh,S095,4782,1207.98,20,885,0.8,"P0339,P0674,P0915"
P0266,Production Furnitur,Furniture,Malaysia,S069,2111,1000.09,20,951,0.12,"P0689,P0921,P0904"
P0267,Measure Home Appliance,Home Appliances,India,S049,3871,608.35,15,168,0.79,"P0269,P0747,P0429"
P0268,Character Appare,Apparel,Vietnam,S069,4016,602.09,10,830,0.57,"P0818,P0003,P0373"
P0269,Investment Furnitur,Furniture,Malaysia,S042,3917,348.28,5,454,0.51,"P0605,P0851,P0819"
P0270,At Jewelr,Jewelry,Thailand,S081,4239,1521.13,15,488,0.6,"P0218,P0730,P0422"
P0271,Both Footwea,Footwear,India,S037,2141,514.51,20,641,0.32,"P0643,P0628,P0106"
P0272,Think Electronic,Electronics,Vietnam,S009,1430,1809.88,15,852,0.05,"P0025,P0614,P0109"
P0273,Line Furnitur,Furniture,Malaysia,S080,4977,482.97,10,914,0.08,"P0255,P0548,P0033"
P0274,National Appare,Apparel,Pakistan,S062,3384,1294.55,10,65,0.27,"P0507,P0030,P0093"
P0275,Up Home Appliance,Home Appliances,South Korea,S036,4870,248.07,15,975,0.55,"P0460,P0665,P0408"
P0276,Somebody Toy,Toys,China,S067,253,1365.84,15,841,0.96,"P0805,P0630,P0284"
P0277,Us Tool,Tools,USA,S023,1276,696.59,10,799,0.97,"P0614,P0407,P0867"
P0278,Why Footwea,Footwear,Bangladesh,S034,3883,559.31,20,369,0.88,"P0463,P0944,P0248"
P0279,Also Tool,Tools,Mexico,S098,2802,1792.56,20,251,0.72,"P0080,P0189,P0084"
P0280,Consumer Furnitur,Furniture,Malaysia,S039,1771,1630.7,10,14,0.45,"P0484,P0025,P0914"
P0281,Factor Jewelr,Jewelry,China,S041,4444,1089.63,5,980,0.52,"P0272,P0087,P0344"
P0282,With Health & Beaut,Health & Beauty,USA,S069,4082,242.29,15,181,0.41,"P0629,P0780,P0048"
P0283,Sister Jewelr,Jewelry,USA,S098,4017,1014.67,10,265,0.47,"P0511,P0996,P0895"
P0284,Suffer Health & Beaut,Health & Beauty,France,S038,2508,242.85,10,20,0.75,"P0782,P0246,P0888"
P0285,Already Grocerie,Groceries,Mexico,S020,1577,451.77,20,817,0.76,"P0651,P0025,P0199"
P0286,Together Electronic,Electronics,Vietnam,S015,1389,185.15,10,526,0.15,"P0566,P0863,P0511"
P0287,Behavior Footwea,Footwear,Bangladesh,S010,454,298.8,20,718,0.32,"P0523,P0356,P0910"
P0288,Hour Furnitur,Furniture,USA,S027,3649,1450.32,5,434,0.93,"P0179,P0904,P0623"
P0289,Few Jewelr,Jewelry,USA,S028,2442,1683.87,20,939,0.91,"P0753,P0085,P0874"
P0290,Show Health & Beaut,Health & Beauty,USA,S008,2590,1660.8,15,935,0.23,"P0100,P0263,P0866"
P0291,Somebody Jewelr,Jewelry,USA,S060,4221,592.08,10,721,0.84,"P0998,P0245,P0124"
P0292,Artist Tool,Tools,Mexico,S045,3398,1134.46,5,204,0.78,"P0387,P0142,P0575"
P0293,Reflect Grocerie,Groceries,Brazil,S055,3677,457.17,10,882,0.2,"P0561,P0178,P0641"
P0294,Role Electronic,Electronics,Vietnam,S023,1504,1374.48,15,691,0.64,"P0068,P0068,P0264"
P0295,Again Furnitur,Furniture,Malaysia,S041,4924,72.26,20,256,0.26,"P0905,P0451,P0975"
P0296,Mr Health & Beaut,Health & Beauty,France,S019,206,946.97,15,181,0.39,"P0569,P0960,P0885"
P0297,According Furnitur,Furniture,Vietnam,S090,784,875.42,5,655,0.88,"P0780,P0304,P0190"
P0298,You Home Appliance,Home Appliances,China,S067,1703,1993.02,5,334,0.38,"P0205,P0106,P0467"
P0299,Seem Toy,Toys,Indonesia,S088,4535,229.43,15,829,0.71,"P0348,P0834,P0822"
P0300,Population Tool,Tools,USA,S061,4501,1649.25,20,213,0.33,"P0787,P0592,P0575"
P0301,Artist Home Appliance,Home Appliances,India,S061,3619,70.91,15,824,0.07,"P0232,P0434,P0803"
P0302,Final Electronic,Electronics,China,S080,2837,377.37,15,428,0.35,"P0353,P0691,P0046"
P0303,Office Home Appliance,Home Appliances,India,S015,3713,1971.05,15,855,0.01,"P0892,P0388,P0654"
P0304,Physical Grocerie,Groceries,Brazil,S054,232,1164.56,5,371,0.76,"P0600,P0109,P0530"
P0305,Seem Tool,Tools,China,S042,1447,336.66,20,597,0.71,"P0452,P0186,P0520"
P0306,Wide Furnitur,Furniture,China,S093,1056,951.7,20,661,0.91,"P0292,P0495,P0052"
P0307,Country Grocerie,Groceries,Mexico,S045,1554,1598.46,10,586,0.63,"P0439,P0619,P0151"
P0308,Field Furnitur,Furniture,USA,S055,1000,1366.88,15,74,0.84,"P0946,P0722,P0363"
P0309,General Jewelr,Jewelry,Thailand,S028,1061,1927.65,15,833,0.86,"P0624,P0083,P0555"
P0310,Expect Footwea,Footwear,India,S001,3124,906.32,15,903,0.92,"P0281,P0551,P0657"
P0311,Show Jewelr,Jewelry,USA,S002,4136,42.71,15,397,0.93,"P0466,P0332,P0908"
P0312,Stay Home Appliance,Home Appliances,China,S017,1982,1386.61,10,930,0.9,"P0118,P0801,P0867"
P0313,Painting Tool,Tools,Mexico,S041,1425,32.82,15,552,0.55,"P0294,P0647,P0126"
P0314,Sport Jewelr,Jewelry,Thailand,S006,4204,415.81,15,544,0.03,"P0909,P0547,P0570"
P0315,Rest Tool,Tools,Germany,S090,3240,1105.12,5,423,0.68,"P0354,P0058,P0312"
P0316,Officer Appare,Apparel,India,S043,484,1648.73,5,694,0.65,"P0188,P0101,P0565"
P0317,Week Electronic,Electronics,China,S076,1860,1843.66,20,606,0.35,"P0121,P0733,P0952"
P0318,Card Footwea,Footwear,Bangladesh,S026,4729,466.99,15,169,0.61,"P0852,P0190,P0607"
P0319,Decade Jewelr,Jewelry,Thailand,S001,247,1605.66,15,651,0.53,"P0568,P0060,P0634"
P0320,Use Health & Beaut,Health & Beauty,USA,S022,3294,264.98,15,8,0.49,"P0375,P0318,P0341"
P0321,Want Appare,Apparel,Vietnam,S036,1221,1262.76,15,228,0.38,"P0051,P0558,P0169"
P0322,Sound Tool,Tools,China,S045,4181,1001.88,20,916,0.43,"P0606,P0427,P0053"
P0323,Tough Electronic,Electronics,South Korea,S028,4426,1039.98,5,786,0.1,"P0986,P0579,P0975"
P0324,Pay Toy,Toys,China,S036,2239,121.81,5,57,0.26,"P0065,P0485,P0565"
P0325,Above Grocerie,Groceries,Argentina,S041,4779,55.64,10,152,0.73,"P0171,P0211,P0230"
P0326,Maintain Home Appliance,Home Appliances,USA,S019,162,1362.26,20,195,0.5,"P0028,P0294,P0102"
P0327,American Tool,Tools,China,S091,3950,1073.94,10,490,0.24,"P0196,P0922,P0801"
P0328,Political Toy,Toys,China,S026,2097,253.4,20,430,0.31,"P0734,P0838,P0591"
P0329,Fly Health & Beaut,Health & Beauty,USA,S066,3033,1311.47,5,631,0.27,"P0841,P0334,P0414"
P0330,Behind Health & Beaut,Health & Beauty,France,S020,1014,498.4,15,375,0.32,"P0895,P0797,P0390"
P0331,Prevent Footwea,Footwear,Vietnam,S090,2037,407.92,20,171,0.88,"P0318,P0095,P0791"
P0332,Million Tool,Tools,China,S015,4153,1612.51,5,823,0.27,"P0091,P0010,P0547"
P0333,International Health & Beaut,Health & Beauty,India,S024,286,1183.79,20,61,0.9,"P0557,P0596,P0376"
P0334,Author Health & Beaut,Health & Beauty,India,S084,1746,1149.74,10,344,0.12,"P0157,P0628,P0130"
P0335,Heart Furnitur,Furniture,Vietnam,S055,3946,1849.04,5,995,0.55,"P0582,P0406,P0598"
P0336,Game Jewelr,Jewelry,India,S046,2097,1273.5,15,765,0.52,"P0782,P0164,P0705"
P0337,Their Furnitur,Furniture,Malaysia,S049,2116,952.45,10,605,0.78,"P0550,P0272,P0361"
P0338,Onto Toy,Toys,Indonesia,S041,409,633.02,15,56,0.37,"P0256,P0438,P0531"
P0339,Floor Toy,Toys,China,S011,150,880.01,15,177,0.64,"P0798,P0167,P0785"
P0340,Recent Tool,Tools,USA,S007,737,1141.28,5,33,0.63,"P0652,P0577,P0164"
P0341,Anything Grocerie,Groceries,USA,S001,481,1968.24,5,970,0.98,"P0803,P0372,P0195"
P0342,Room Toy,Toys,USA,S035,2216,457.54,5,65,0.79,"P0342,P0290,P0314"
P0343,Hear Toy,Toys,Vietnam,S050,913,1659.18,10,529,0.18,"P0938,P0040,P0285"
P0344,Other Tool,Tools,China,S094,4625,1953.78,10,507,0.02,"P0933,P0749,P0920"
P0345,So Health & Beaut,Health & Beauty,USA,S068,3230,388.43,10,814,0.28,"P0758,P0338,P0038"
P0346,Ready Tool,Tools,Mexico,S053,91,1118.89,5,894,0.89,"P0928,P0120,P0484"
P0347,From Jewelr,Jewelry,USA,S002,122,1875.24,5,265,0.66,"P0008,P0264,P0531"
P0348,Modern Furnitur,Furniture,Vietnam,S088,3795,625.9,5,473,0.24,"P0341,P0770,P0416"
P0349,Perhaps Toy,Toys,Indonesia,S030,4310,1473.24,20,876,0.35,"P0886,P0202,P0073"
P0350,Use Appare,Apparel,India,S056,3536,153.76,5,311,0.27,"P0786,P0035,P0597"
P0351,Of Grocerie,Groceries,USA,S059,1528,959.08,5,985,0.51,"P0684,P0149,P0330"
P0352,Yes Health & Beaut,Health & Beauty,USA,S088,4962,505.42,20,896,0.36,"P0041,P0963,P0860"
P0353,Station Home Appliance,Home Appliances,China,S016,1576,1482.53,5,475,0.54,"P0654,P0715,P0621"
P0354,Million Electronic,Electronics,Vietnam,S049,578,443.82,10,523,0.32,"P0126,P0069,P0461"
P0355,Young Tool,Tools,Germany,S065,4713,931.64,20,946,0.83,"P0483,P0105,P0820"
P0356,Improve Grocerie,Groceries,Brazil,S079,2381,1212.99,15,62,0.04,"P0448,P0774,P0437"
P0357,Attack Footwea,Footwear,USA,S015,3651,601.75,20,238,0.07,"P0842,P0334,P0289"
P0358,Security Health & Beaut,Health & Beauty,India,S068,1624,1669.38,10,373,0.74,"P0671,P0799,P0378"
P0359,Again Home Appliance,Home Appliances,China,S008,1129,237.22,20,402,0.31,"P0186,P0519,P0780"
P0360,Current Furnitur,Furniture,Malaysia,S019,4508,646.6,10,500,0.44,"P0867,P0512,P0351"
P0361,Probably Tool,Tools,Mexico,S075,4601,825.58,5,704,0.52,"P0671,P0671,P0179"
P0362,Will Home Appliance,Home Appliances,USA,S091,2177,455.36,20,362,0.18,"P0553,P0144,P0410"
P0363,Practice Health & Beaut,Health & Beauty,France,S003,2166,457.61,20,215,0.54,"P0433,P0369,P0690"
P0364,Establish Furnitur,Furniture,China,S058,3170,796.24,10,878,0.2,"P0672,P0060,P0256"
P0365,Style Toy,Toys,Vietnam,S097,460,1464.58,15,651,0.26,"P0362,P0844,P0186"
P0366,Say Tool,Tools,Mexico,S044,666,1481.31,15,917,0.9,"P0215,P0646,P0346"
P0367,Moment Footwea,Footwear,USA,S051,3239,1630.43,10,806,0.36,"P0804,P0222,P0994"
P0368,Health Electronic,Electronics,South Korea,S080,3013,1629.45,15,15,0.19,"P0182,P0718,P0250"
P0369,Minute Jewelr,Jewelry,China,S055,539,378.41,5,708,0.25,"P0733,P0607,P0334"
P0370,Agreement Furnitur,Furniture,Malaysia,S033,4577,872.25,5,299,0.85,"P0258,P0108,P0254"
P0371,Know Appare,Apparel,Vietnam,S068,1529,621.11,10,404,0.47,"P0334,P0418,P0800"
P0372,Natural Grocerie,Groceries,USA,S094,3441,1378.68,20,73,0.58,"P0875,P0061,P0219"
P0373,Can Toy,Toys,USA,S040,4984,889.26,15,905,0.74,"P0793,P0561,P0079"
P0374,Brother Furnitur,Furniture,USA,S036,3311,348.46,15,238,0.13,"P0406,P0278,P0001"
P0375,Power Health & Beaut,Health & Beauty,India,S086,2590,153.99,15,550,0.55,"P0714,P0553,P0580"
P0376,Want Tool,Tools,USA,S009,3900,1494.74,20,36,0.75,"P0757,P0743,P0700"
P0377,Drive Footwea,Footwear,Vietnam,S014,3308,1004.57,5,986,0.27,"P0471,P0457,P0213"
P0378,Detail Tool,Tools,China,S055,2687,1146.65,10,441,0.43,"P0761,P0707,P0580"
P0379,Rest Electronic,Electronics,South Korea,S024,1285,234.71,5,627,0.3,"P0427,P0057,P0300"
P0380,Resource Health & Beaut,Health & Beauty,Germany,S064,3295,1330.26,20,728,0.82,"P0702,P0240,P0903"
P0381,We Toy,Toys,China,S010,3207,1881.93,5,824,0.25,"P0786,P0214,P0876"
P0382,Out Home Appliance,Home Appliances,India,S015,750,1335.94,20,17,0.65,"P0191,P0844,P0452"
P0383,Newspaper Health & Beaut,Health & Beauty,India,S018,1720,1031.2,15,111,0.23,"P0407,P0936,P0650"
P0384,Myself Tool,Tools,USA,S088,3445,944.42,10,92,0.23,"P0553,P0827,P0875"
P0385,Happen Appare,Apparel,Pakistan,S081,3438,1447.63,5,732,0.33,"P0802,P0233,P0386"
P0386,Sign Grocerie,Groceries,USA,S024,229,1876.2,10,790,0.69,"P0258,P0271,P0585"
P0387,Drive Home Appliance,Home Appliances,India,S040,3744,386.62,20,584,0.14,"P0278,P0172,P0326"
P0388,Push Health & Beaut,Health & Beauty,Germany,S024,3469,435.28,15,873,0.54,"P0146,P0121,P0341"
P0389,Poor Home Appliance,Home Appliances,China,S070,4041,1964.62,15,638,0.1,"P0412,P0433,P0251"
P0390,Picture Furnitur,Furniture,China,S003,723,1179.24,15,184,0.12,"P0776,P0521,P0959"
P0391,Issue Health & Beaut,Health & Beauty,India,S021,4838,1573.81,10,386,0.78,"P0905,P0697,P0795"
P0392,Much Grocerie,Groceries,Brazil,S004,4996,465.36,20,429,0.12,"P0388,P0713,P0667"
P0393,Structure Home Appliance,Home Appliances,South Korea,S084,4969,1448.37,10,994,0.21,"P0553,P0822,P0963"
P0394,Actually Health & Beaut,Health & Beauty,USA,S033,3253,460.22,10,632,0.55,"P0003,P0916,P0098"
P0395,My Health & Beaut,Health & Beauty,USA,S079,4011,1507.6,10,624,0.07,"P0868,P0903,P0529"
P0396,Away Appare,Apparel,Bangladesh,S063,2378,1394.19,5,484,0.04,"P0425,P0082,P0813"
P0397,One Appare,Apparel,Bangladesh,S033,861,400.91,20,250,0.31,"P0381,P0968,P0214"
P0398,Or Health & Beaut,Health & Beauty,India,S096,4289,1774.34,20,538,0.79,"P0711,P0282,P0771"
P0399,Anything Electronic,Electronics,Vietnam,S035,2745,1876.83,5,51,0.45,"P0412,P0572,P0789"
P0400,Minute Home Appliance,Home Appliances,USA,S068,1394,1572.11,15,52,0.18,"P0046,P0354,P0302"
P0401,They Appare,Apparel,Vietnam,S041,231,696.76,10,361,0.75,"P0705,P0197,P0775"
P0402,Knowledge Appare,Apparel,Vietnam,S051,437,838.82,20,893,0.63,"P0132,P0966,P0248"
P0403,Face Tool,Tools,Mexico,S020,4883,1132.87,5,899,0.08,"P0364,P0329,P0214"
P0404,Weight Furnitur,Furniture,Vietnam,S018,1821,99.96,10,402,0.39,"P0354,P0461,P0347"
P0405,Ahead Electronic,Electronics,China,S099,1634,1149.98,5,694,0.42,"P0848,P0197,P0709"
P0406,Party Toy,Toys,Vietnam,S075,4786,1855.25,15,485,0.84,"P0742,P0720,P0542"
P0407,Dark Toy,Toys,China,S049,276,1288.84,15,850,0.43,"P0197,P0764,P0489"
P0408,Girl Toy,Toys,Vietnam,S063,4354,585.11,5,293,0.33,"P0455,P0770,P0797"
P0409,According Appare,Apparel,Vietnam,S062,4408,316.32,5,859,0.36,"P0619,P0775,P0084"
P0410,Join Jewelr,Jewelry,USA,S067,3405,247.31,15,870,0.16,"P0733,P0721,P0031"
P0411,Coach Jewelr,Jewelry,China,S074,3208,1166.03,10,325,0.95,"P0037,P0486,P0366"
P0412,Soldier Toy,Toys,USA,S050,2718,1712.13,20,31,0.82,"P0360,P0848,P0510"
P0413,Loss Home Appliance,Home Appliances,South Korea,S065,1130,557.32,15,399,0.59,"P0469,P0406,P0543"
P0414,Strong Jewelr,Jewelry,China,S061,3731,1927.75,10,916,0.69,"P0626,P0385,P0997"
P0415,Community Footwea,Footwear,USA,S015,3660,45.53,15,101,0.75,"P0801,P0129,P0076"
P0416,Change Home Appliance,Home Appliances,China,S011,2125,645.74,20,522,0.75,"P0003,P0927,P0111"
P0417,In Tool,Tools,China,S066,4267,1505.88,5,690,0.74,"P0682,P0250,P0331"
P0418,Best Appare,Apparel,Vietnam,S036,3596,844.79,15,871,0.34,"P0905,P0270,P0285"
P0419,Assume Jewelr,Jewelry,India,S064,1626,485.97,15,6,0.22,"P0345,P0085,P0337"
P0420,Protect Tool,Tools,Mexico,S047,3177,422.82,10,338,0.6,"P0125,P0774,P0066"
P0421,Morning Appare,Apparel,Vietnam,S011,3784,547.04,10,265,0.95,"P0684,P0527,P0220"
P0422,Reality Furnitur,Furniture,Malaysia,S086,248,416.71,20,984,0.72,"P0003,P0239,P0747"
P0423,Determine Home Appliance,Home Appliances,USA,S081,4490,1485.61,5,488,0.26,"P0459,P0852,P0551"
P0424,Forward Footwea,Footwear,India,S057,3730,439.99,5,849,0.32,"P0319,P0109,P0433"
P0425,Fight Footwea,Footwear,USA,S087,270,168.46,10,799,0.13,"P0577,P0440,P0126"
P0426,Spring Footwea,Footwear,India,S058,2255,887.58,5,228,0.2,"P0028,P0099,P0067"
P0427,Entire Home Appliance,Home Appliances,USA,S014,2643,34.73,15,827,0.69,"P0640,P0576,P0157"
P0428,How Health & Beaut,Health & Beauty,USA,S068,1456,702.64,10,454,0.32,"P0635,P0586,P0138"
P0429,Five Jewelr,Jewelry,India,S053,4332,979.55,15,253,0.74,"P0791,P0775,P0219"
P0430,Per Health & Beaut,Health & Beauty,USA,S056,4821,267.15,5,142,0.5,"P0704,P0022,P0525"
P0431,Exactly Furnitur,Furniture,Vietnam,S049,525,926.26,15,275,0.68,"P0673,P0010,P0852"
P0432,Claim Grocerie,Groceries,Mexico,S049,1136,1361.38,5,206,0.56,"P0996,P0611,P0462"
P0433,Discussion Jewelr,Jewelry,India,S004,626,645.23,20,73,0.77,"P0551,P0517,P0550"
P0434,Ability Toy,Toys,Vietnam,S091,4240,1003.49,20,185,0.74,"P0196,P0578,P0586"
P0435,Plant Appare,Apparel,Pakistan,S065,1746,696.32,5,522,0.68,"P0797,P0340,P0298"
P0436,Room Health & Beaut,Health & Beauty,USA,S019,4317,1231.11,15,91,0.25,"P0689,P0241,P0662"
P0437,Decision Appare,Apparel,Vietnam,S067,4094,611.01,20,54,0.02,"P0813,P0768,P0087"
P0438,Than Furnitur,Furniture,USA,S041,1557,1387.61,10,776,0.38,"P0019,P0261,P0538"
P0439,Traditional Home Appliance,Home Appliances,USA,S072,2656,276.4,15,604,0.14,"P0513,P0053,P0447"
P0440,Pay Furnitur,Furniture,USA,S086,573,525.25,10,776,0.77,"P0157,P0756,P0652"
P0441,Beautiful Furnitur,Furniture,Vietnam,S079,3595,1461.23,15,657,0.51,"P0880,P0616,P0341"
P0442,Protect Footwea,Footwear,Bangladesh,S032,1897,904.82,10,81,0.31,"P0845,P0924,P0625"
P0443,Tax Home Appliance,Home Appliances,India,S100,1998,1553.65,10,991,0.83,"P0749,P0513,P0317"
P0444,Above Home Appliance,Home Appliances,South Korea,S035,2713,1557.28,10,201,0,"P0818,P0590,P0740"
P0445,Movement Jewelr,Jewelry,China,S087,1201,840.92,10,520,0.1,"P0407,P0395,P0137"
P0446,Above Home Appliance,Home Appliances,South Korea,S085,4284,1752.43,5,920,0.15,"P0302,P0206,P0953"
P0447,Give Jewelr,Jewelry,India,S067,1377,1541.89,10,746,0.4,"P0577,P0380,P0965"
P0448,Figure Furnitur,Furniture,Vietnam,S093,2920,1660.69,10,772,0.14,"P0519,P0546,P0851"
P0449,Read Home Appliance,Home Appliances,India,S069,3620,1406.47,5,370,0.15,"P0798,P0749,P0752"
P0450,Off Grocerie,Groceries,USA,S035,1801,559.54,10,997,0.42,"P0913,P0931,P0239"
P0451,Part Grocerie,Groceries,Mexico,S025,85,1191.35,5,811,0.24,"P0095,P0340,P0861"
P0452,When Furnitur,Furniture,China,S048,978,207.91,20,282,0.21,"P0405,P0605,P0997"
P0453,Successful Jewelr,Jewelry,India,S014,401,73.27,20,689,0.89,"P0502,P0128,P0501"
P0454,Small Furnitur,Furniture,Malaysia,S055,1101,1795.7,10,518,0.96,"P0394,P0882,P0597"
P0455,Hand Appare,Apparel,Pakistan,S086,4504,1586.27,10,77,0.05,"P0086,P0025,P0265"
P0456,Every Grocerie,Groceries,Mexico,S037,2177,1585.76,5,377,0.58,"P0223,P0556,P0848"
P0457,Sense Health & Beaut,Health & Beauty,Germany,S019,3992,41.7,15,192,0.18,"P0682,P0465,P0843"
P0458,Range Electronic,Electronics,South Korea,S026,3379,1279.96,10,283,0.25,"P0722,P0408,P0896"
P0459,Brother Grocerie,Groceries,Brazil,S080,486,1413.83,15,401,0.21,"P0308,P0532,P0806"
P0460,Great Electronic,Electronics,USA,S049,4030,90.93,15,30,0.64,"P0109,P0608,P0261"
P0461,Most Jewelr,Jewelry,India,S099,3790,1447.98,20,576,0.63,"P0023,P0077,P0558"
P0462,Ago Jewelr,Jewelry,China,S071,4980,1800.79,5,236,0.89,"P0944,P0495,P0477"
P0463,Size Tool,Tools,China,S035,4927,137.51,20,347,0.43,"P0592,P0875,P0996"
P0464,Foreign Toy,Toys,China,S092,3052,623.78,15,389,0.87,"P0783,P0355,P0595"
P0465,Heavy Furnitur,Furniture,Malaysia,S021,4695,1378,5,526,0.48,"P0357,P0687,P0867"
P0466,Rich Jewelr,Jewelry,USA,S092,2242,783.88,10,378,0.5,"P0153,P0839,P0630"
P0467,Admit Tool,Tools,USA,S058,1528,1389.27,15,891,0.91,"P0481,P0507,P0591"
P0468,Dog Grocerie,Groceries,USA,S084,1203,1921.21,15,972,0.81,"P0972,P0480,P0567"
P0469,Oil Electronic,Electronics,China,S014,2141,1003.19,5,345,0.91,"P0813,P0015,P0307"
P0470,Remain Health & Beaut,Health & Beauty,India,S039,2004,209.46,10,818,0.83,"P0572,P0730,P0267"
P0471,Number Tool,Tools,China,S080,551,1841.08,20,615,0.95,"P0974,P0256,P0478"
P0472,Trade Appare,Apparel,Pakistan,S100,172,852.4,15,576,0.51,"P0050,P0112,P0075"
P0473,Whatever Home Appliance,Home Appliances,South Korea,S054,1813,1878,5,525,0.92,"P0936,P0152,P0257"
P0474,Poor Grocerie,Groceries,Mexico,S004,472,726.39,20,888,0.41,"P0339,P0165,P0028"
P0475,Establish Home Appliance,Home Appliances,South Korea,S080,3329,1941.46,5,74,0.57,"P0057,P0684,P0626"
P0476,Fund Home Appliance,Home Appliances,South Korea,S075,178,658.73,15,778,0.79,"P0869,P0129,P0802"
P0477,He Tool,Tools,Germany,S017,731,1892.02,20,507,0.68,"P0414,P0199,P0082"
P0478,Simple Tool,Tools,Germany,S093,3094,427.71,5,98,0.57,"P0506,P0248,P0264"
P0479,Hand Furnitur,Furniture,Vietnam,S029,2101,387.65,20,941,0.24,"P0702,P0226,P0591"
P0480,Foot Health & Beaut,Health & Beauty,USA,S055,3610,1983.43,10,885,0.77,"P0062,P0817,P0754"
P0481,Perform Grocerie,Groceries,Mexico,S079,4276,238.72,15,450,0.24,"P0743,P0227,P0483"
P0482,According Tool,Tools,Germany,S035,1666,1643.5,15,876,0.22,"P0058,P0179,P0405"
P0483,Upon Jewelr,Jewelry,India,S076,163,1431.87,10,641,0.37,"P0331,P0858,P0917"
P0484,Glass Grocerie,Groceries,Argentina,S038,2216,403.3,15,347,0.03,"P0687,P0606,P0578"
P0485,Successful Home Appliance,Home Appliances,China,S083,3878,758.97,20,29,0.97,"P0313,P0849,P0777"
P0486,Where Tool,Tools,China,S077,1512,721.21,20,318,0.82,"P0996,P0954,P0697"
P0487,Wonder Footwea,Footwear,USA,S100,1064,1381.14,10,26,0.87,"P0631,P0119,P0262"
P0488,Ok Health & Beaut,Health & Beauty,France,S035,4073,350.07,10,947,0.99,"P0762,P0838,P0912"
P0489,Natural Tool,Tools,Mexico,S091,1702,276.22,15,824,0.32,"P0111,P0002,P0940"
P0490,By Health & Beaut,Health & Beauty,France,S098,4560,1924.02,5,645,0.74,"P0344,P0004,P0417"
P0491,Work Appare,Apparel,Vietnam,S056,3877,477.1,15,59,0.3,"P0972,P0264,P0194"
P0492,Decision Tool,Tools,Germany,S077,3315,1955.45,20,558,0.72,"P0084,P0962,P0937"
P0493,Produce Toy,Toys,Vietnam,S008,2174,472.68,20,46,0.37,"P0529,P0612,P0711"
P0494,Particular Tool,Tools,Germany,S087,3891,821.2,5,794,0.13,"P0110,P0538,P0985"
P0495,Suggest Tool,Tools,USA,S079,57,802.17,20,319,0.09,"P0474,P0888,P0544"
P0496,Give Tool,Tools,Germany,S015,3605,328.68,10,553,0.53,"P0047,P0276,P0500"
P0497,Gas Appare,Apparel,India,S077,1709,381.37,15,637,0.76,"P0049,P0938,P0233"
P0498,Present Grocerie,Groceries,Mexico,S084,4297,1779.62,20,909,0.58,"P0302,P0259,P0696"
P0499,Consider Electronic,Electronics,China,S005,3778,1465.69,15,997,0.82,"P0839,P0025,P0647"
P0500,Actually Appare,Apparel,Vietnam,S090,3134,86.33,15,670,0.87,"P0948,P0640,P0535"
P0501,Animal Appare,Apparel,India,S027,1467,798.02,15,664,0.55,"P0835,P0490,P0995"
P0502,Guy Footwea,Footwear,Bangladesh,S031,2802,1594.88,15,217,0.53,"P0566,P0103,P0864"
P0503,Later Home Appliance,Home Appliances,China,S094,2328,978.45,15,850,0.03,"P0752,P0892,P0653"
P0504,Worker Home Appliance,Home Appliances,South Korea,S060,1714,1011.68,20,600,0.87,"P0464,P0486,P0603"
P0505,Politics Furnitur,Furniture,Vietnam,S070,854,199.73,15,664,0.37,"P0291,P0582,P0804"
P0506,Someone Electronic,Electronics,China,S038,2452,381.58,15,859,0.21,"P0523,P0251,P0872"
P0507,Moment Home Appliance,Home Appliances,South Korea,S065,4387,1291.83,10,338,0.94,"P0383,P0487,P0478"
P0508,Final Furnitur,Furniture,USA,S034,2460,1866.24,15,99,0.1,"P0339,P0125,P0350"
P0509,Still Furnitur,Furniture,Malaysia,S052,65,304.34,5,202,0.32,"P0188,P0500,P0662"
P0510,Music Jewelr,Jewelry,USA,S097,4382,1545.93,15,664,0.93,"P0048,P0044,P0187"
P0511,Spring Electronic,Electronics,Vietnam,S004,2937,1747.87,5,521,0.78,"P0809,P0219,P0646"
P0512,Nothing Health & Beaut,Health & Beauty,India,S025,3339,786.03,10,472,0.11,"P0455,P0573,P0230"
P0513,Beat Appare,Apparel,Pakistan,S014,4399,1000.04,5,502,0.53,"P0330,P0337,P0121"
P0514,Shake Electronic,Electronics,USA,S073,3737,489.03,15,613,0.58,"P0471,P0803,P0366"
P0515,Herself Tool,Tools,China,S077,4875,518.08,10,853,0.13,"P0335,P0686,P0062"
P0516,Sound Appare,Apparel,Pakistan,S018,3814,971.8,15,907,0.1,"P0896,P0638,P0172"
P0517,Foreign Home Appliance,Home Appliances,USA,S003,1970,1399.17,5,94,0.13,"P0066,P0223,P0362"
P0518,Rate Electronic,Electronics,South Korea,S031,4526,1191.46,5,718,0.12,"P0677,P0298,P0069"
P0519,Kitchen Jewelr,Jewelry,Thailand,S057,3294,1034.87,5,163,0.75,"P0425,P0318,P0353"
P0520,Great Grocerie,Groceries,Argentina,S066,3557,1558.56,10,524,0.02,"P0239,P0719,P0606"
P0521,Might Jewelr,Jewelry,Thailand,S062,3503,840.52,10,711,0,"P0678,P0527,P0590"
P0522,Step Jewelr,Jewelry,USA,S090,118,1343.61,5,936,0.34,"P0969,P0431,P0689"
P0523,Campaign Home Appliance,Home Appliances,South Korea,S013,665,1236.79,15,215,0.6,"P0244,P0969,P0340"
P0524,Always Health & Beaut,Health & Beauty,USA,S047,4074,447.57,15,204,0.61,"P0364,P0514,P0311"
P0525,Important Electronic,Electronics,China,S016,2482,1862.94,15,227,0.78,"P0283,P0647,P0682"
P0526,Office Home Appliance,Home Appliances,South Korea,S019,166,800.34,10,795,0.62,"P0686,P0993,P0013"
P0527,Trouble Grocerie,Groceries,Mexico,S015,1495,1239.57,20,690,0.43,"P0982,P0391,P0834"
P0528,Firm Footwea,Footwear,Vietnam,S085,4028,786.67,5,84,0.45,"P0967,P0435,P0431"
P0529,Stand Furnitur,Furniture,USA,S014,754,1875.72,5,28,0.44,"P0075,P0432,P0764"
P0530,Dog Jewelr,Jewelry,India,S017,3589,639.48,10,91,0.61,"P0072,P0870,P0803"
P0531,Environment Grocerie,Groceries,Argentina,S002,2672,770.18,10,567,0.64,"P0004,P0728,P0110"
P0532,Current Tool,Tools,USA,S090,318,1985.04,5,949,0.68,"P0628,P0513,P0539"
P0533,Question Electronic,Electronics,USA,S050,3585,648.69,5,339,0.69,"P0199,P0952,P0819"
P0534,Simply Electronic,Electronics,China,S055,2581,170.85,15,182,0.46,"P0819,P0719,P0928"
P0535,Hard Footwea,Footwear,USA,S058,1702,1675.23,5,167,0.04,"P0190,P0707,P0170"
P0536,Program Jewelr,Jewelry,Thailand,S078,309,262.69,10,355,0.24,"P0887,P0416,P0063"
P0537,Listen Footwea,Footwear,USA,S027,1261,434.91,15,453,0.32,"P0936,P0108,P0614"
P0538,Somebody Tool,Tools,Germany,S067,4154,197.85,20,148,0.98,"P0794,P0239,P0148"
P0539,Approach Footwea,Footwear,Vietnam,S008,3074,360.55,20,8,1,"P0062,P0246,P0407"
P0540,Wrong Jewelr,Jewelry,China,S046,429,1194.71,20,760,0.66,"P0102,P0002,P0160"
P0541,Help Home Appliance,Home Appliances,South Korea,S037,384,892.92,10,637,0.07,"P0653,P0684,P0304"
P0542,Brother Tool,Tools,China,S026,1994,704.07,20,85,0.33,"P0815,P0637,P0317"
P0543,Great Grocerie,Groceries,Mexico,S088,2716,473.02,15,317,0.34,"P0745,P0879,P0645"
P0544,Single Electronic,Electronics,China,S065,3659,1440.34,15,903,0.05,"P0417,P0491,P0201"
P0545,Agreement Toy,Toys,Indonesia,S096,1899,18.91,15,7,0.01,"P0520,P0337,P0069"
P0546,North Tool,Tools,China,S015,4832,1583.04,5,721,0.83,"P0120,P0388,P0354"
P0547,Number Jewelr,Jewelry,India,S037,4715,1792.33,15,305,0.29,"P0268,P0529,P0362"
P0548,Safe Electronic,Electronics,South Korea,S014,3586,1866.59,5,278,0.93,"P0515,P0484,P0374"
P0549,Learn Appare,Apparel,India,S028,4712,1473.72,5,203,0.12,"P0476,P0665,P0643"
P0550,Former Appare,Apparel,Pakistan,S015,1778,1424.11,5,478,0.53,"P0612,P0635,P0229"
P0551,Lose Furnitur,Furniture,Malaysia,S085,4226,708.36,10,581,0.9,"P0701,P0694,P0562"
P0552,Defense Footwea,Footwear,India,S045,1912,1997.91,20,137,0.19,"P0537,P0893,P0193"
P0553,Young Jewelr,Jewelry,China,S043,2715,1486.59,20,596,0.16,"P0555,P0658,P0365"
P0554,Half Toy,Toys,USA,S073,3303,1033.69,10,796,0.81,"P0549,P0976,P0571"
P0555,Sport Home Appliance,Home Appliances,USA,S090,1000,1813.17,10,779,0.69,"P0167,P0162,P0941"
P0556,Hospital Electronic,Electronics,USA,S040,4937,1317.63,5,420,0.23,"P0075,P0347,P0280"
P0557,Board Appare,Apparel,Pakistan,S075,4396,58.38,15,772,0.42,"P0065,P0531,P0851"
P0558,Court Grocerie,Groceries,USA,S007,433,1196.72,15,585,0.15,"P0812,P0285,P0389"
P0559,House Home Appliance,Home Appliances,India,S033,2291,1632.75,10,232,0.85,"P0384,P0118,P0588"
P0560,Seven Footwea,Footwear,Bangladesh,S029,4823,1485.38,5,93,0.25,"P0982,P0628,P0622"
P0561,Key Health & Beaut,Health & Beauty,India,S073,3039,1748.74,15,33,0.7,"P0709,P0221,P0918"
P0562,Eight Health & Beaut,Health & Beauty,India,S007,1996,1180.45,20,824,0.85,"P0351,P0470,P0484"
P0563,Both Appare,Apparel,Bangladesh,S034,3992,1550.41,10,565,0.9,"P0477,P0971,P0535"
P0564,Prove Appare,Apparel,Vietnam,S040,3023,1207.16,20,94,0.44,"P0067,P0072,P0059"
P0565,Might Footwea,Footwear,USA,S041,4147,565.98,10,348,0.96,"P0264,P0918,P0206"
P0566,Make Grocerie,Groceries,Mexico,S013,686,1503.49,15,459,0.27,"P0225,P0387,P0227"
P0567,Response Jewelr,Jewelry,India,S030,4733,1790.7,15,367,0.19,"P0535,P0272,P0772"
P0568,Way Grocerie,Groceries,Mexico,S031,2104,928.59,5,299,0.83,"P0624,P0222,P0095"
P0569,Shake Appare,Apparel,Bangladesh,S042,831,109.39,20,210,0.48,"P0262,P0890,P0739"
P0570,Surface Home Appliance,Home Appliances,India,S064,347,108.11,20,860,0.19,"P0068,P0517,P0018"
P0571,Health Health & Beaut,Health & Beauty,USA,S025,662,1467.21,20,314,0.24,"P0326,P0409,P0631"
P0572,Response Furnitur,Furniture,China,S032,2669,1034.08,15,656,0.7,"P0437,P0198,P0306"
P0573,Position Appare,Apparel,Vietnam,S041,416,834.24,20,367,0.23,"P0079,P0516,P0185"
P0574,Clearly Tool,Tools,China,S078,4463,1436.46,15,547,0.86,"P0308,P0398,P0244"
P0575,Strong Home Appliance,Home Appliances,India,S012,4578,798.38,10,216,0.7,"P0499,P0700,P0480"
P0576,Natural Appare,Apparel,Pakistan,S068,4179,1984.21,15,630,0.19,"P0011,P0656,P0265"
P0577,Speak Furnitur,Furniture,China,S064,1713,282.66,15,608,0.84,"P0256,P0700,P0893"
P0578,Plant Health & Beaut,Health & Beauty,India,S078,4231,34.65,20,357,0.21,"P0646,P0516,P0081"
P0579,Computer Furnitur,Furniture,Vietnam,S037,3789,562.88,5,460,0.52,"P0964,P0150,P0170"
P0580,Great Toy,Toys,USA,S028,3672,578.86,5,881,0.27,"P0840,P0907,P0648"
P0581,Condition Furnitur,Furniture,Malaysia,S037,2688,1336.21,10,66,0.44,"P0256,P0195,P0308"
P0582,Last Jewelr,Jewelry,Thailand,S079,1164,467.71,20,641,0.09,"P0761,P0972,P0160"
P0583,Whose Furnitur,Furniture,China,S098,3189,1588.8,5,91,0.68,"P0830,P0996,P0727"
P0584,Speak Electronic,Electronics,Vietnam,S082,1712,1935.65,5,920,0.13,"P0434,P0904,P0389"
P0585,Similar Furnitur,Furniture,Vietnam,S053,4165,1444.48,10,616,0.15,"P0901,P0910,P0066"
P0586,Sort Footwea,Footwear,USA,S011,716,1519.08,5,813,0.16,"P0989,P0703,P0277"
P0587,Skill Grocerie,Groceries,Mexico,S053,1732,225.81,10,636,0.5,"P0480,P0933,P0956"
P0588,Claim Tool,Tools,China,S036,4287,388.82,10,542,0.28,"P0903,P0441,P0830"
P0589,Tax Furnitur,Furniture,USA,S007,2911,657.12,5,540,0.93,"P0323,P0223,P0431"
P0590,Early Appare,Apparel,Bangladesh,S097,2503,377.08,5,721,0.64,"P0959,P0514,P0014"
P0591,Strategy Health & Beaut,Health & Beauty,India,S052,131,618.49,10,356,0.69,"P0685,P0433,P0008"
P0592,Race Home Appliance,Home Appliances,India,S025,2360,1242.38,15,213,0.93,"P0345,P0949,P0882"
P0593,Research Tool,Tools,Germany,S050,3227,16.46,20,807,0.95,"P0904,P0196,P0210"
P0594,Heavy Electronic,Electronics,China,S011,2920,91.97,10,776,0.07,"P0932,P0014,P0431"
P0595,Rather Tool,Tools,China,S088,658,111.92,15,15,0.73,"P0927,P0993,P0915"
P0596,Young Furnitur,Furniture,USA,S074,1229,253.74,5,97,0.96,"P0661,P0508,P0695"
P0597,Last Footwea,Footwear,Vietnam,S017,4399,1155.66,10,685,0.86,"P0180,P0160,P0751"
P0598,Article Footwea,Footwear,USA,S006,4641,1504.8,15,336,0.9,"P0736,P0294,P0660"
P0599,Night Tool,Tools,Mexico,S050,1411,1543.38,20,615,0.59,"P0087,P0637,P0202"
P0600,Lead Tool,Tools,Mexico,S035,3559,277.55,15,880,0.2,"P0068,P0760,P0293"
P0601,Case Furnitur,Furniture,USA,S037,4578,1573.45,10,845,0.71,"P0993,P0708,P0026"
P0602,Side Electronic,Electronics,USA,S088,842,821.6,10,446,0.9,"P0735,P0055,P0887"
P0603,Throw Footwea,Footwear,USA,S090,1938,1581.55,5,115,0.23,"P0636,P0747,P0458"
P0604,At Appare,Apparel,India,S004,259,1280.58,10,534,0.18,"P0020,P0625,P0465"
P0605,Security Home Appliance,Home Appliances,USA,S094,2893,1957.33,15,231,0.81,"P0293,P0998,P0623"
P0606,Sometimes Home Appliance,Home Appliances,China,S048,1866,1583.55,15,676,0.45,"P0622,P0323,P0343"
P0607,Song Grocerie,Groceries,Argentina,S001,3757,1665.55,20,340,0.25,"P0246,P0498,P0114"
P0608,Also Toy,Toys,China,S049,3661,1811.79,20,720,0.47,"P0661,P0228,P0986"
P0609,Property Electronic,Electronics,China,S056,4207,1061.29,15,657,0.04,"P0716,P0460,P0688"
P0610,Teach Jewelr,Jewelry,China,S050,2395,1496.51,15,729,0.98,"P0061,P0391,P0142"
P0611,Want Tool,Tools,Mexico,S026,157,91.93,15,329,0.21,"P0630,P0795,P0424"
P0612,On Toy,Toys,Vietnam,S001,3291,1495.26,10,561,0.81,"P0895,P0480,P0381"
P0613,Important Electronic,Electronics,USA,S078,4039,1789.3,10,701,0.64,"P0822,P0406,P0472"
P0614,Order Jewelr,Jewelry,Thailand,S080,4133,1113.74,10,213,0.46,"P0916,P0402,P0896"
P0615,Mind Health & Beaut,Health & Beauty,USA,S065,2634,1648.35,20,555,0.8,"P0805,P0480,P0367"
P0616,Need Tool,Tools,Germany,S024,1955,665.27,10,633,0.26,"P0995,P0287,P0185"
P0617,Anyone Jewelr,Jewelry,Thailand,S070,2998,106.69,15,116,0.49,"P0204,P0196,P0041"
P0618,Out Toy,Toys,Indonesia,S094,2724,986.99,10,803,0.13,"P0803,P0883,P0627"
P0619,Especially Toy,Toys,China,S032,1566,341.36,20,129,0.04,"P0309,P0670,P0834"
P0620,Yet Home Appliance,Home Appliances,India,S018,4803,82.92,20,646,0.48,"P0469,P0101,P0167"
P0621,Start Jewelr,Jewelry,China,S018,4771,92.01,5,79,0.33,"P0622,P0777,P0251"
P0622,Few Health & Beaut,Health & Beauty,USA,S023,2784,146.5,15,335,0.08,"P0571,P0829,P0819"
P0623,Town Grocerie,Groceries,Mexico,S028,2954,1430.95,20,623,0.48,"P0975,P0914,P0732"
P0624,He Home Appliance,Home Appliances,USA,S061,2492,506.27,10,210,0.88,"P0727,P0305,P0345"
P0625,Catch Grocerie,Groceries,Argentina,S062,3043,1205.18,5,344,0.77,"P0317,P0387,P0341"
P0626,Collection Jewelr,Jewelry,China,S018,4832,869.21,20,590,0.11,"P0945,P0387,P0069"
P0627,Later Furnitur,Furniture,Malaysia,S057,3145,606.74,5,588,0.31,"P0548,P0917,P0050"
P0628,Impact Appare,Apparel,Pakistan,S056,3087,951.7,10,299,0.15,"P0009,P0223,P0418"
P0629,Knowledge Footwea,Footwear,USA,S069,3726,1785.05,15,31,0.27,"P0345,P0010,P0458"
P0630,Thought Tool,Tools,Germany,S022,2109,1122.45,20,606,0.21,"P0045,P0068,P0594"
P0631,Bank Electronic,Electronics,Vietnam,S055,2764,1274.48,20,17,0.13,"P0299,P0793,P0009"
P0632,Art Appare,Apparel,Vietnam,S048,1275,250.32,5,307,0.34,"P0578,P0631,P0343"
P0633,Or Electronic,Electronics,USA,S035,3874,361.94,15,111,0.01,"P0863,P0390,P0723"
P0634,Instead Footwea,Footwear,Vietnam,S012,222,600.67,10,254,0.6,"P0909,P0716,P0098"
P0635,Military Appare,Apparel,Bangladesh,S039,4308,1878.26,15,402,0.78,"P0845,P0336,P0792"
P0636,Best Grocerie,Groceries,Argentina,S071,1772,1036.52,5,404,0.27,"P0214,P0778,P0915"
P0637,Specific Electronic,Electronics,Vietnam,S085,1051,247.39,5,88,0.71,"P0219,P0839,P0949"
P0638,Ground Home Appliance,Home Appliances,USA,S021,415,833.25,20,116,0.09,"P0941,P0172,P0004"
P0639,Including Electronic,Electronics,Vietnam,S078,162,885.16,5,13,0.09,"P0978,P0172,P0003"
P0640,Eight Tool,Tools,China,S048,2248,1806.43,15,746,0.06,"P0373,P0953,P0236"
P0641,Popular Tool,Tools,USA,S097,4279,1959.6,15,712,0.45,"P0484,P0291,P0192"
P0642,Recent Footwea,Footwear,USA,S052,2065,251.91,5,942,0.27,"P0378,P0930,P0143"
P0643,Feel Appare,Apparel,India,S034,1513,386.96,15,518,0.2,"P0378,P0960,P0991"
P0644,Six Jewelr,Jewelry,India,S024,4549,1451.2,5,52,0.91,"P0647,P0959,P0009"
P0645,Prepare Health & Beaut,Health & Beauty,USA,S089,798,258.61,10,37,0.56,"P0111,P0971,P0649"
P0646,Staff Home Appliance,Home Appliances,India,S085,170,289.03,20,470,0.12,"P0727,P0828,P0130"
P0647,Difficult Toy,Toys,USA,S016,3307,1677.61,20,478,0.52,"P0534,P0792,P0046"
P0648,Power Toy,Toys,China,S047,147,1222.45,10,853,0.63,"P0168,P0091,P0851"
P0649,Region Grocerie,Groceries,Argentina,S022,4843,174.04,5,813,0.35,"P0727,P0669,P0238"
P0650,Character Furnitur,Furniture,Malaysia,S021,1446,668.1,10,282,0.9,"P0556,P0628,P0908"
P0651,Sit Toy,Toys,China,S020,988,1648.44,15,3,0.33,"P0385,P0687,P0152"
P0652,Sister Jewelr,Jewelry,China,S085,4899,1095.14,20,554,0.37,"P0384,P0988,P0857"
P0653,Bill Furnitur,Furniture,China,S087,2631,266.56,20,32,0.1,"P0512,P0320,P0631"
P0654,Image Grocerie,Groceries,Mexico,S063,2826,924.72,5,989,0.74,"P0364,P0357,P0366"
P0655,Notice Electronic,Electronics,South Korea,S052,336,1781.61,5,33,0.65,"P0757,P0071,P0159"
P0656,Can Health & Beaut,Health & Beauty,USA,S043,4474,1165.09,15,81,0.81,"P0128,P0786,P0193"
P0657,Wish Furnitur,Furniture,China,S093,822,987.18,20,13,0.58,"P0200,P0216,P0376"
P0658,House Tool,Tools,USA,S021,4048,1995.02,10,151,0.22,"P0078,P0982,P0686"
P0659,Blood Tool,Tools,China,S034,1556,349.9,15,320,0.03,"P0741,P0082,P0475"
P0660,General Tool,Tools,Germany,S031,1994,1850.72,10,947,0.23,"P0254,P0066,P0650"
P0661,Painting Health & Beaut,Health & Beauty,France,S066,3426,1404.62,5,276,0.98,"P0201,P0170,P0728"
P0662,Plan Tool,Tools,Mexico,S008,1363,434.54,15,298,0.88,"P0690,P0517,P0541"
P0663,Fear Home Appliance,Home Appliances,USA,S087,3100,1729.02,20,398,0.62,"P0916,P0790,P0234"
P0664,Bad Footwea,Footwear,USA,S057,1098,107.68,20,222,0.56,"P0868,P0646,P0599"
P0665,Report Toy,Toys,Indonesia,S063,3108,721.73,10,226,0.54,"P0749,P0845,P0516"
P0666,Anyone Jewelr,Jewelry,China,S013,218,530.43,20,851,0.65,"P0626,P0485,P0048"
P0667,Wrong Furnitur,Furniture,China,S064,3901,1298.68,20,151,0.78,"P0946,P0362,P0459"
P0668,Foreign Jewelr,Jewelry,USA,S019,4520,820.51,20,582,0.97,"P0086,P0439,P0976"
P0669,Detail Grocerie,Groceries,Brazil,S019,3663,1032.92,10,346,0.34,"P0732,P0315,P0363"
P0670,Yeah Toy,Toys,Vietnam,S008,1652,185.99,15,647,0.05,"P0026,P0818,P0313"
P0671,Economic Electronic,Electronics,USA,S056,2150,900.11,15,292,0.73,"P0503,P0726,P0197"
P0672,Stock Appare,Apparel,Bangladesh,S086,1747,739.63,5,794,0.41,"P0481,P0360,P0261"
P0673,Claim Furnitur,Furniture,China,S078,2679,1660.7,5,374,0.14,"P0971,P0846,P0057"
P0674,Executive Home Appliance,Home Appliances,India,S083,2117,1931.67,5,19,0.36,"P0308,P0349,P0828"
P0675,Current Electronic,Electronics,China,S080,3096,1498.27,10,652,0.11,"P0693,P0880,P0495"
P0676,Three Furnitur,Furniture,China,S090,223,775.42,5,844,0.45,"P0169,P0063,P0957"
P0677,Happy Toy,Toys,China,S025,3381,208.97,10,565,0.9,"P0105,P0555,P0852"
P0678,Network Jewelr,Jewelry,USA,S064,2009,1916,15,173,0.69,"P0855,P0161,P0415"
P0679,Behind Home Appliance,Home Appliances,India,S100,2284,1726.18,5,25,0.46,"P0148,P0733,P0432"
P0680,Say Jewelr,Jewelry,India,S051,3730,1826.44,15,646,0.92,"P0575,P0278,P0438"
P0681,So Jewelr,Jewelry,India,S058,3321,1013.84,15,959,0.02,"P0258,P0462,P0480"
P0682,Discussion Tool,Tools,China,S066,1014,1545.79,20,321,0.36,"P0173,P0552,P0923"
P0683,Central Health & Beaut,Health & Beauty,USA,S091,4915,1861.96,20,299,0.69,"P0507,P0554,P0570"
P0684,Federal Tool,Tools,USA,S045,853,1118.7,15,607,0.32,"P0933,P0309,P0372"
P0685,Trip Home Appliance,Home Appliances,China,S049,4333,1575.16,15,374,0.41,"P0842,P0006,P0950"
P0686,Father Home Appliance,Home Appliances,USA,S022,3362,1856.82,5,904,0.3,"P0202,P0171,P0729"
P0687,Direction Jewelr,Jewelry,China,S051,4810,328.35,20,208,0.31,"P0431,P0979,P0758"
P0688,Himself Health & Beaut,Health & Beauty,France,S039,4144,800.45,20,316,0.04,"P0147,P0802,P0080"
P0689,Partner Grocerie,Groceries,Argentina,S024,3453,1261.44,10,298,0.17,"P0537,P0246,P0178"
P0690,Another Health & Beaut,Health & Beauty,Germany,S007,1473,1672.55,5,348,0.84,"P0686,P0665,P0113"
P0691,Particularly Toy,Toys,Indonesia,S020,4702,1826.11,15,792,0.11,"P0385,P0137,P0665"
P0692,Number Tool,Tools,Germany,S058,119,1929.68,15,768,0.82,"P0162,P0243,P0883"
P0693,Expert Furnitur,Furniture,USA,S010,2039,966.01,5,596,0.35,"P0073,P0674,P0805"
P0694,Field Tool,Tools,Mexico,S012,3729,876.41,10,857,0.52,"P0251,P0932,P0829"
P0695,Bill Health & Beaut,Health & Beauty,India,S012,3531,1101.66,20,547,0.14,"P0314,P0789,P0463"
P0696,Already Jewelr,Jewelry,China,S039,4710,1528.87,5,382,0.28,"P0262,P0451,P0292"
P0697,Food Grocerie,Groceries,USA,S039,3853,1218.04,10,276,0.33,"P0681,P0680,P0074"
P0698,Interest Appare,Apparel,Bangladesh,S095,2688,1122.18,15,14,0.86,"P0062,P0509,P0172"
P0699,Level Furnitur,Furniture,China,S072,2280,584.45,5,700,0.38,"P0744,P0792,P0171"
P0700,Chance Health & Beaut,Health & Beauty,France,S065,2144,453.55,15,741,0.01,"P0659,P0229,P0507"
P0701,Manager Footwea,Footwear,USA,S060,89,1633.1,20,392,0.1,"P0980,P0920,P0206"
P0702,Husband Appare,Apparel,Bangladesh,S045,2551,403.69,10,669,0.14,"P0376,P0726,P0821"
P0703,Keep Electronic,Electronics,Vietnam,S024,2879,1746.2,5,826,0.8,"P0600,P0222,P0216"
P0704,History Appare,Apparel,India,S056,1673,136.77,15,722,0.12,"P0553,P0937,P0621"
P0705,Story Grocerie,Groceries,Brazil,S086,4047,709.08,15,425,0.35,"P0733,P0527,P0059"
P0706,Example Health & Beaut,Health & Beauty,France,S016,910,1592.9,10,528,0.7,"P0178,P0300,P0268"
P0707,Power Electronic,Electronics,South Korea,S060,3005,1493.78,10,445,0.07,"P0356,P0056,P0879"
P0708,Throw Health & Beaut,Health & Beauty,France,S003,3134,600.23,5,807,0.21,"P0569,P0052,P0543"
P0709,Produce Appare,Apparel,India,S070,789,1868.27,20,875,0.48,"P0399,P0510,P0874"
P0710,Campaign Jewelr,Jewelry,USA,S021,4695,102.12,20,775,0.37,"P0872,P0335,P0327"
P0711,Little Tool,Tools,USA,S089,4656,1133.55,10,771,0.09,"P0537,P0045,P0613"
P0712,Mr Jewelr,Jewelry,Thailand,S020,4644,464.96,20,569,0.9,"P0552,P0251,P0312"
P0713,Clearly Furnitur,Furniture,Vietnam,S036,2432,413.37,10,174,0.89,"P0454,P0531,P0080"
P0714,Relationship Electronic,Electronics,Vietnam,S082,3294,358.58,5,83,0.79,"P0367,P0141,P0036"
P0715,Heavy Appare,Apparel,India,S066,949,1305.34,15,792,0.98,"P0504,P0438,P0699"
P0716,Tough Jewelr,Jewelry,USA,S031,3644,1084.15,5,681,0.02,"P0564,P0597,P0964"
P0717,Opportunity Home Appliance,Home Appliances,USA,S065,2865,1276.45,10,712,0.79,"P0408,P0238,P0033"
P0718,Agency Health & Beaut,Health & Beauty,Germany,S010,4189,1688.74,5,726,0.92,"P0662,P0785,P0461"
P0719,Like Furnitur,Furniture,Vietnam,S026,2161,1833.08,5,898,0.2,"P0051,P0662,P0015"
P0720,Record Jewelr,Jewelry,China,S070,164,719.03,10,40,0.1,"P0106,P0695,P0616"
P0721,Piece Electronic,Electronics,USA,S067,3098,1605.48,10,895,0.26,"P0313,P0254,P0828"
P0722,Standard Grocerie,Groceries,USA,S075,4849,1168.91,5,38,0.22,"P0408,P0023,P0083"
P0723,Until Tool,Tools,Germany,S023,3643,1971.34,20,168,0.86,"P0644,P0050,P0473"
P0724,Worry Health & Beaut,Health & Beauty,France,S036,4276,1268.74,5,419,0.38,"P0515,P0162,P0936"
P0725,Seven Electronic,Electronics,Vietnam,S003,3446,1630.17,20,975,0.44,"P0892,P0807,P0208"
P0726,Whether Electronic,Electronics,USA,S059,4690,1362.29,15,503,0.07,"P0109,P0568,P0515"
P0727,Worker Toy,Toys,USA,S010,4281,1558.59,5,760,0.99,"P0262,P0345,P0694"
P0728,Trouble Home Appliance,Home Appliances,South Korea,S079,3474,178.06,5,310,0.5,"P0608,P0998,P0951"
P0729,Toward Furnitur,Furniture,USA,S029,1887,1920.55,5,317,0.09,"P0382,P0006,P0254"
P0730,Baby Jewelr,Jewelry,USA,S007,3611,356.18,5,150,0.45,"P0896,P0471,P0479"
P0731,Better Grocerie,Groceries,Argentina,S082,1639,97.17,10,372,0.79,"P0381,P0825,P0302"
P0732,Reveal Toy,Toys,China,S029,3518,1384.11,5,979,0.61,"P0843,P0812,P0161"
P0733,Drug Toy,Toys,China,S038,3406,1235.54,15,960,0.17,"P0417,P0441,P0425"
P0734,Single Appare,Apparel,India,S080,4064,1264.68,20,559,0.83,"P0837,P0608,P0325"
P0735,Tree Footwea,Footwear,USA,S008,3343,1824.45,10,850,0.74,"P0318,P0559,P0923"
P0736,Paper Jewelr,Jewelry,India,S051,1653,572.83,15,545,0.92,"P0725,P0794,P0803"
P0737,Health Footwea,Footwear,USA,S081,3363,966.63,5,778,0.26,"P0635,P0979,P0489"
P0738,Lead Toy,Toys,China,S067,2542,1107.63,15,281,0.28,"P0865,P0148,P0186"
P0739,Coach Footwea,Footwear,USA,S054,785,1598.61,15,592,0.92,"P0090,P0917,P0683"
P0740,Indeed Grocerie,Groceries,Argentina,S029,1341,745.46,15,156,0.54,"P0319,P0406,P0736"
P0741,North Health & Beaut,Health & Beauty,USA,S003,298,683.06,15,341,0.56,"P0233,P0369,P0562"
P0742,Student Electronic,Electronics,USA,S057,3413,862.83,20,764,0.42,"P0870,P0427,P0193"
P0743,Hour Home Appliance,Home Appliances,China,S098,2563,812.87,20,260,0.61,"P0594,P0365,P0186"
P0744,Speech Furnitur,Furniture,China,S005,3292,87.5,10,353,0.94,"P0550,P0867,P0899"
P0745,Will Electronic,Electronics,China,S005,914,757.12,10,19,0.98,"P0338,P0839,P0550"
P0746,Action Health & Beaut,Health & Beauty,Germany,S083,2625,1821.8,5,712,0.12,"P0139,P0939,P0013"
P0747,Gas Grocerie,Groceries,USA,S004,4537,1901.08,20,921,0.27,"P0520,P0534,P0873"
P0748,Hour Tool,Tools,Mexico,S047,1631,1442.55,15,691,0.01,"P0935,P0067,P0996"
P0749,Develop Footwea,Footwear,India,S007,4573,1437.37,10,228,0.89,"P0185,P0174,P0252"
P0750,Actually Jewelr,Jewelry,India,S031,2131,1956.59,15,464,0.45,"P0550,P0389,P0987"
P0751,Picture Toy,Toys,China,S022,653,358.75,10,833,0.65,"P0892,P0159,P0699"
P0752,Music Jewelr,Jewelry,Thailand,S064,2465,1896.81,20,126,0.08,"P0783,P0663,P0271"
P0753,Page Furnitur,Furniture,China,S057,1372,689.95,15,931,0.81,"P0129,P0366,P0194"
P0754,Apply Furnitur,Furniture,USA,S079,4427,753.74,5,714,0.23,"P0698,P0648,P0086"
P0755,Long Furnitur,Furniture,Vietnam,S059,1848,612.57,15,550,0.51,"P0182,P0785,P0761"
P0756,Week Health & Beaut,Health & Beauty,India,S042,144,886.44,5,842,0.77,"P0902,P0717,P0901"
P0757,Center Tool,Tools,China,S009,549,1145.03,15,963,0.65,"P0650,P0354,P0441"
P0758,Common Tool,Tools,USA,S054,2149,1967.18,10,174,0.36,"P0251,P0688,P0635"
P0759,Discuss Appare,Apparel,Pakistan,S021,1595,1125.49,5,326,0.05,"P0465,P0894,P0876"
P0760,Mention Jewelr,Jewelry,USA,S052,1943,1332.42,20,858,0.59,"P0657,P0820,P0252"
P0761,Organization Electronic,Electronics,China,S079,3614,1892.16,15,615,0.33,"P0849,P0293,P0607"
P0762,Ready Electronic,Electronics,South Korea,S090,492,1575.49,5,86,0.74,"P0123,P0885,P0392"
P0763,Use Appare,Apparel,Pakistan,S041,4372,1907.06,20,243,0.86,"P0115,P0716,P0640"
P0764,Blue Electronic,Electronics,Vietnam,S018,4779,1123.17,15,783,0.62,"P0411,P0104,P0188"
P0765,Consider Appare,Apparel,Pakistan,S086,4261,716.08,10,731,0.95,"P0005,P0120,P0087"
P0766,Opportunity Toy,Toys,USA,S094,3661,1325.15,5,556,0.94,"P0746,P0057,P0149"
P0767,Line Home Appliance,Home Appliances,China,S058,658,476.45,20,318,0.56,"P0481,P0945,P0580"
P0768,Hand Furnitur,Furniture,China,S076,2497,1253.22,10,383,0.61,"P0681,P0441,P0854"
P0769,Good Toy,Toys,China,S094,1513,1454.1,5,720,0.24,"P0057,P0304,P0204"
P0770,Message Jewelr,Jewelry,India,S014,2750,573.87,20,224,0.16,"P0970,P0871,P0043"
P0771,Feel Toy,Toys,USA,S009,2166,865.22,5,557,0.07,"P0443,P0658,P0518"
P0772,Church Furnitur,Furniture,China,S050,1520,734.99,15,987,0.34,"P0849,P0089,P0106"
P0773,Send Appare,Apparel,India,S043,3243,245.14,5,599,0.48,"P0075,P0088,P0975"
P0774,Report Home Appliance,Home Appliances,India,S086,3439,1307.91,5,388,0.64,"P0805,P0991,P0538"
P0775,Require Appare,Apparel,India,S012,2747,544.16,15,75,0.43,"P0095,P0569,P0651"
P0776,Soldier Furnitur,Furniture,Malaysia,S020,2764,698.81,15,117,0.2,"P0437,P0330,P0532"
P0777,Clear Home Appliance,Home Appliances,USA,S033,1760,1185.42,10,145,0.65,"P0732,P0733,P0637"
P0778,Main Health & Beaut,Health & Beauty,France,S082,928,789.94,15,250,0.75,"P0483,P0245,P0155"
P0779,Particularly Grocerie,Groceries,Mexico,S076,4817,338.95,10,890,0.68,"P0729,P0283,P0972"
P0780,Century Footwea,Footwear,Vietnam,S030,536,1399.49,15,506,0.83,"P0104,P0897,P0894"
P0781,Happy Home Appliance,Home Appliances,India,S030,2980,1076.01,15,605,0.04,"P0488,P0464,P0937"
P0782,Least Electronic,Electronics,USA,S081,2344,47.59,15,510,0.39,"P0802,P0078,P0499"
P0783,Culture Appare,Apparel,Bangladesh,S041,2205,1007.74,10,882,0.62,"P0631,P0240,P0856"
P0784,Position Jewelr,Jewelry,China,S059,1301,510.1,20,690,0.09,"P0279,P0220,P0834"
P0785,Standard Jewelr,Jewelry,India,S074,1567,261.64,5,670,0.01,"P0996,P0441,P0242"
P0786,Consumer Jewelr,Jewelry,China,S051,4598,1391.46,20,58,0.26,"P0636,P0756,P0213"
P0787,Couple Toy,Toys,Indonesia,S088,4037,1608.55,15,779,0.05,"P0421,P0734,P0142"
P0788,Season Tool,Tools,USA,S056,1249,814.94,15,278,0.95,"P0440,P0121,P0926"
P0789,Party Home Appliance,Home Appliances,China,S068,1421,1982.9,10,696,0.12,"P0676,P0997,P0809"
P0790,Who Grocerie,Groceries,USA,S100,4485,1656.92,10,74,0.27,"P0258,P0580,P0381"
P0791,Rock Appare,Apparel,Vietnam,S001,3473,112.34,15,189,0.94,"P0820,P0977,P0916"
P0792,His Jewelr,Jewelry,Thailand,S062,4282,836.75,15,931,0.38,"P0702,P0646,P0473"
P0793,Pick Furnitur,Furniture,Vietnam,S052,1357,604.56,20,240,0.83,"P0827,P0434,P0915"
P0794,Market Furnitur,Furniture,China,S008,3844,1870.54,10,200,0.35,"P0205,P0777,P0108"
P0795,Despite Tool,Tools,Germany,S075,1124,1962.36,15,550,0.59,"P0793,P0391,P0352"
P0796,Four Grocerie,Groceries,Brazil,S067,3177,1068.38,5,170,0.4,"P0440,P0035,P0209"
P0797,Very Jewelr,Jewelry,China,S036,1560,1092.73,20,767,0.23,"P0843,P0202,P0762"
P0798,Same Grocerie,Groceries,Mexico,S006,4122,766.13,5,854,0.62,"P0371,P0240,P0233"
P0799,Customer Tool,Tools,China,S018,4480,948.07,15,136,0.36,"P0342,P0059,P0070"
P0800,Later Health & Beaut,Health & Beauty,India,S068,1812,404.84,10,729,0.92,"P0631,P0630,P0539"
P0801,Measure Tool,Tools,Mexico,S100,2594,1621.19,10,338,0.68,"P0147,P0004,P0835"
P0802,Magazine Jewelr,Jewelry,India,S065,2810,1525.76,5,576,0.68,"P0222,P0890,P0562"
P0803,Allow Home Appliance,Home Appliances,India,S020,1538,1308.18,5,119,0.7,"P0632,P0227,P0927"
P0804,Trade Footwea,Footwear,Bangladesh,S093,3977,1884.47,15,365,0.47,"P0681,P0537,P0378"
P0805,Fire Electronic,Electronics,USA,S004,1954,1200.64,10,163,0.5,"P0148,P0685,P0389"
P0806,A Toy,Toys,Indonesia,S045,3738,288.04,20,643,0.5,"P0833,P0963,P0887"
P0807,Article Furnitur,Furniture,Malaysia,S086,423,238.15,5,342,0.87,"P0890,P0868,P0177"
P0808,At Toy,Toys,Indonesia,S085,527,1533.31,5,420,0.89,"P0065,P0254,P0120"
P0809,Tax Health & Beaut,Health & Beauty,USA,S052,4025,1796.24,20,297,0.4,"P0910,P0587,P0398"
P0810,Task Grocerie,Groceries,Brazil,S082,4079,1753.52,5,848,0.13,"P0926,P0812,P0262"
P0811,Trip Electronic,Electronics,Vietnam,S009,717,634.6,10,535,0.44,"P0419,P0015,P0748"
P0812,Military Jewelr,Jewelry,China,S064,2802,804.57,5,555,0.91,"P0876,P0452,P0695"
P0813,Speech Grocerie,Groceries,Mexico,S093,1533,441.84,20,393,0.62,"P0365,P0929,P0273"
P0814,Tough Toy,Toys,China,S098,4105,706.68,15,948,0.88,"P0781,P0899,P0797"
P0815,Reflect Electronic,Electronics,Vietnam,S097,930,1941.6,5,897,0.18,"P0273,P0453,P0862"
P0816,Figure Jewelr,Jewelry,USA,S031,4283,918.72,20,726,0.12,"P0687,P0510,P0679"
P0817,Person Footwea,Footwear,USA,S021,4947,333.55,15,248,0.07,"P0490,P0388,P0722"
P0818,Cover Footwea,Footwear,Vietnam,S034,1561,1903.33,10,875,0.91,"P0902,P0539,P0287"
P0819,Husband Footwea,Footwear,Vietnam,S006,123,939.88,20,518,0.4,"P0424,P0357,P0779"
P0820,Tv Health & Beaut,Health & Beauty,India,S011,1930,1400.9,15,89,0.6,"P0540,P0012,P0491"
P0821,Option Tool,Tools,USA,S083,2662,1670.66,5,420,0.16,"P0337,P0740,P0758"
P0822,Real Health & Beaut,Health & Beauty,Germany,S006,4436,604.19,20,831,0.93,"P0650,P0825,P0010"
P0823,Girl Appare,Apparel,India,S010,2921,312.56,5,510,0.3,"P0936,P0232,P0111"
P0824,Physical Toy,Toys,USA,S050,979,1218.78,10,884,0.96,"P0456,P0160,P0862"
P0825,His Toy,Toys,China,S062,4348,92.87,5,119,0.26,"P0190,P0037,P0346"
P0826,One Tool,Tools,USA,S058,165,549.16,10,793,0.61,"P0658,P0021,P0823"
P0827,Manager Tool,Tools,Mexico,S089,4263,1630.4,15,59,0.28,"P0217,P0232,P0077"
P0828,Coach Toy,Toys,USA,S048,2224,124.08,5,215,0.92,"P0856,P0876,P0998"
P0829,Family Footwea,Footwear,India,S099,2890,154.69,20,414,0.49,"P0320,P0831,P0301"
P0830,Themselves Home Appliance,Home Appliances,China,S084,1220,1562.63,10,306,0.92,"P0042,P0589,P0842"
P0831,Area Appare,Apparel,Pakistan,S003,2985,67.7,10,329,0.01,"P0495,P0990,P0253"
P0832,Natural Home Appliance,Home Appliances,USA,S023,4196,883.03,15,102,0.75,"P0995,P0931,P0875"
P0833,Trial Toy,Toys,China,S011,2349,500.69,5,638,0.25,"P0554,P0249,P0902"
P0834,Kitchen Electronic,Electronics,USA,S030,4260,241.47,10,43,0.29,"P0389,P0163,P0423"
P0835,Measure Home Appliance,Home Appliances,South Korea,S094,3960,711.63,10,838,0.26,"P0478,P0769,P0923"
P0836,Crime Furnitur,Furniture,Malaysia,S056,1029,1987.41,15,759,0.6,"P0791,P0971,P0835"
P0837,Suffer Home Appliance,Home Appliances,South Korea,S046,1956,1789.85,5,906,0.04,"P0622,P0505,P0360"
P0838,Receive Appare,Apparel,Bangladesh,S065,1540,1444.79,20,692,0.48,"P0112,P0411,P0541"
P0839,Take Home Appliance,Home Appliances,USA,S057,4775,327.28,20,780,0.88,"P0515,P0004,P0570"
P0840,Food Appare,Apparel,Vietnam,S051,4943,1366.11,5,567,0.39,"P0187,P0490,P0042"
P0841,Leader Home Appliance,Home Appliances,South Korea,S088,3618,578.69,15,366,0.84,"P0568,P0956,P0047"
P0842,Shoulder Health & Beaut,Health & Beauty,India,S001,4412,1785.85,20,320,0.18,"P0806,P0113,P0482"
P0843,Purpose Toy,Toys,Indonesia,S065,950,703.13,15,319,0.88,"P0807,P0046,P0877"
P0844,Character Health & Beaut,Health & Beauty,France,S082,340,990.98,20,914,0.74,"P0462,P0442,P0039"
P0845,Miss Jewelr,Jewelry,China,S069,2384,1048.4,5,994,0.58,"P0059,P0356,P0354"
P0846,Anyone Footwea,Footwear,India,S095,1057,759.99,20,548,0.5,"P0813,P0479,P0264"
P0847,Sport Grocerie,Groceries,Mexico,S086,3619,467.22,15,875,0.88,"P0988,P0874,P0473"
P0848,Surface Jewelr,Jewelry,USA,S033,4650,1395.82,20,91,0.66,"P0548,P0183,P0418"
P0849,Choice Furnitur,Furniture,China,S035,1157,1045.83,15,631,0.84,"P0428,P0157,P0502"
P0850,Possible Jewelr,Jewelry,India,S055,149,1586.42,5,152,0.32,"P0779,P0476,P0863"
P0851,Style Electronic,Electronics,Vietnam,S007,2445,1353.02,20,271,0.16,"P0176,P0838,P0209"
P0852,Reality Footwea,Footwear,USA,S074,3149,698.04,10,6,0.53,"P0083,P0992,P0616"
P0853,Responsibility Jewelr,Jewelry,China,S079,3452,915.45,15,753,0.16,"P0020,P0025,P0172"
P0854,Life Home Appliance,Home Appliances,USA,S063,3211,1531.52,10,83,0.99,"P0209,P0370,P0781"
P0855,Letter Furnitur,Furniture,China,S044,98,1204.14,5,646,0.89,"P0635,P0032,P0420"
P0856,Call Tool,Tools,Germany,S048,4588,1330.7,5,688,0.24,"P0075,P0024,P0306"
P0857,More Health & Beaut,Health & Beauty,France,S077,3923,554.42,20,402,0.08,"P0082,P0607,P0993"
P0858,Education Toy,Toys,USA,S008,928,939.75,20,176,0.05,"P0074,P0561,P0219"
P0859,Add Tool,Tools,China,S003,434,1611,15,942,0.43,"P0550,P0702,P0366"
P0860,Growth Footwea,Footwear,USA,S043,4662,1976.04,15,476,0.43,"P0722,P0146,P0301"
P0861,Whether Furnitur,Furniture,Malaysia,S004,1682,591.67,20,664,0.94,"P0415,P0861,P0170"
P0862,Pretty Electronic,Electronics,Vietnam,S086,3522,1097.57,10,945,0.29,"P0394,P0788,P0242"
P0863,Hit Toy,Toys,Indonesia,S052,465,209.67,15,587,0.78,"P0480,P0114,P0866"
P0864,Environment Grocerie,Groceries,USA,S074,65,1675.84,5,411,0.94,"P0878,P0371,P0164"
P0865,Central Jewelr,Jewelry,India,S086,2671,1054.31,15,749,0.01,"P0411,P0704,P0732"
P0866,Congress Appare,Apparel,Vietnam,S039,3728,1501.74,15,77,0.46,"P0702,P0180,P0315"
P0867,Guy Electronic,Electronics,USA,S051,2013,106.1,10,250,0.98,"P0490,P0391,P0251"
P0868,Factor Health & Beaut,Health & Beauty,Germany,S027,965,1855.13,10,336,0.43,"P0611,P0236,P0766"
P0869,Both Appare,Apparel,Vietnam,S083,1433,307.45,20,995,0.37,"P0377,P0113,P0544"
P0870,Similar Footwea,Footwear,Vietnam,S087,1636,160.12,5,490,0.19,"P0303,P0115,P0125"
P0871,Each Appare,Apparel,Vietnam,S016,4673,456.55,15,348,0.15,"P0957,P0921,P0253"
P0872,Debate Health & Beaut,Health & Beauty,India,S055,4367,904.45,5,409,0.06,"P0517,P0083,P0631"
P0873,Local Furnitur,Furniture,USA,S033,1850,1884.4,15,868,0.27,"P0103,P0676,P0788"
P0874,Employee Toy,Toys,USA,S041,533,471.84,5,347,0.36,"P0556,P0312,P0147"
P0875,Official Appare,Apparel,Pakistan,S067,3524,1009.59,20,661,0.99,"P0262,P0724,P0196"
P0876,Relate Health & Beaut,Health & Beauty,India,S071,863,1787,15,860,0.22,"P0169,P0580,P0266"
P0877,Prove Home Appliance,Home Appliances,South Korea,S020,1623,1180.2,10,666,0.39,"P0306,P0493,P0242"
P0878,Ahead Tool,Tools,USA,S087,4157,1384.57,20,74,0.88,"P0097,P0232,P0504"
P0879,Mouth Home Appliance,Home Appliances,China,S056,2244,572.63,5,463,0.46,"P0758,P0416,P0458"
P0880,Weight Jewelr,Jewelry,India,S050,2874,493.87,15,585,0.94,"P0114,P0644,P0650"
P0881,Movie Jewelr,Jewelry,USA,S001,4391,1530.46,20,955,0.9,"P0247,P0935,P0365"
P0882,Official Appare,Apparel,Bangladesh,S041,3759,62.11,20,217,0.5,"P0869,P0162,P0370"
P0883,Business Toy,Toys,USA,S081,1669,591.67,5,862,0.63,"P0531,P0408,P0824"
P0884,Artist Grocerie,Groceries,Brazil,S056,3148,1669.65,10,50,0.74,"P0646,P0952,P0034"
P0885,Know Tool,Tools,Mexico,S091,3227,1365.69,20,267,0.37,"P0140,P0028,P0293"
P0886,Short Toy,Toys,Vietnam,S018,3469,935.65,20,135,0.59,"P0886,P0202,P0901"
P0887,President Grocerie,Groceries,Mexico,S022,736,1837,5,130,0.2,"P0249,P0108,P0398"
P0888,Kid Furnitur,Furniture,Vietnam,S008,1956,1965.47,15,63,0.82,"P0955,P0737,P0219"
P0889,Enjoy Toy,Toys,Vietnam,S011,661,1856.58,10,828,0.52,"P0104,P0994,P0870"
P0890,Understand Electronic,Electronics,South Korea,S028,3574,180.99,5,987,0.93,"P0359,P0992,P0430"
P0891,Often Home Appliance,Home Appliances,China,S030,344,1338.34,5,295,0.06,"P0433,P0425,P0765"
P0892,Her Grocerie,Groceries,USA,S040,338,1777.04,20,678,0.68,"P0355,P0220,P0478"
P0893,Behavior Appare,Apparel,Pakistan,S052,1068,694.75,5,132,0.19,"P0881,P0173,P0563"
P0894,Page Furnitur,Furniture,Vietnam,S072,2116,1710.21,20,199,0.84,"P0362,P0144,P0959"
P0895,Sea Home Appliance,Home Appliances,South Korea,S029,2528,427.22,5,896,0.38,"P0362,P0865,P0672"
P0896,Fish Grocerie,Groceries,Mexico,S073,2527,459.84,10,896,0.84,"P0844,P0813,P0794"
P0897,Decide Electronic,Electronics,South Korea,S083,1338,940.47,5,176,0.83,"P0677,P0450,P0837"
P0898,This Electronic,Electronics,South Korea,S037,4436,615.94,20,208,0.35,"P0764,P0200,P0939"
P0899,Risk Health & Beaut,Health & Beauty,USA,S008,2940,1386.81,20,734,0.77,"P0377,P0037,P0230"
P0900,Kind Electronic,Electronics,Vietnam,S028,4465,132.65,5,893,0.57,"P0571,P0664,P0060"
P0901,Available Furnitur,Furniture,USA,S064,2876,1968.1,10,276,0.93,"P0736,P0873,P0917"
P0902,Simple Grocerie,Groceries,Brazil,S072,3413,1782.03,20,578,0.19,"P0166,P0281,P0203"
P0903,Television Furnitur,Furniture,Vietnam,S048,4581,1166.35,20,129,0.65,"P0910,P0184,P0356"
P0904,Lead Tool,Tools,USA,S013,1182,996.93,15,142,0.45,"P0473,P0965,P0704"
P0905,Old Jewelr,Jewelry,Thailand,S032,4261,331.2,10,296,0.96,"P0323,P0890,P0008"
P0906,Pressure Appare,Apparel,Vietnam,S085,1256,75.03,15,230,0.24,"P0716,P0326,P0381"
P0907,Something Grocerie,Groceries,Mexico,S090,2096,1707.62,20,915,0.79,"P0378,P0703,P0806"
P0908,Catch Tool,Tools,Germany,S026,2635,879.91,15,223,0.24,"P0162,P0505,P0806"
P0909,Step Tool,Tools,Mexico,S011,3906,746.41,10,364,0.93,"P0026,P0818,P0609"
P0910,Child Furnitur,Furniture,Malaysia,S092,838,1104.95,10,392,0.88,"P0567,P0902,P0434"
P0911,Technology Grocerie,Groceries,USA,S047,2842,1451.15,20,279,0.37,"P0748,P0611,P0283"
P0912,Serious Home Appliance,Home Appliances,India,S056,1468,1392.3,10,509,0.21,"P0248,P0626,P0341"
P0913,Type Home Appliance,Home Appliances,USA,S023,3159,565.46,10,483,0.6,"P0515,P0625,P0885"
P0914,Bank Appare,Apparel,Pakistan,S041,1824,828.8,5,951,0.38,"P0553,P0698,P0791"
P0915,Thank Electronic,Electronics,Vietnam,S080,1172,388.94,5,466,0.68,"P0874,P0145,P0943"
P0916,Memory Jewelr,Jewelry,USA,S040,1868,808.33,20,438,0.75,"P0792,P0537,P0617"
P0917,Form Tool,Tools,USA,S083,2086,1561.2,15,573,0.87,"P0417,P0966,P0806"
P0918,Would Home Appliance,Home Appliances,USA,S047,246,1962.52,20,396,0.16,"P0806,P0294,P0845"
P0919,Evening Footwea,Footwear,USA,S090,4550,183.79,5,617,0.66,"P0371,P0706,P0253"
P0920,Stay Electronic,Electronics,Vietnam,S023,3413,1648.6,15,87,0.79,"P0299,P0666,P0493"
P0921,Popular Appare,Apparel,Pakistan,S007,567,26.14,15,958,0.65,"P0622,P0048,P0656"
P0922,Identify Appare,Apparel,Pakistan,S073,538,1640.98,5,638,0.85,"P0666,P0357,P0902"
P0923,Record Jewelr,Jewelry,Thailand,S091,2301,348.14,15,631,0.3,"P0372,P0073,P0147"
P0924,Continue Electronic,Electronics,Vietnam,S044,1443,1092.24,5,10,0.77,"P0112,P0065,P0294"
P0925,Contain Grocerie,Groceries,Brazil,S097,1943,670.94,20,730,0.23,"P0064,P0083,P0446"
P0926,Visit Tool,Tools,China,S007,4459,1710.33,20,715,0.29,"P0533,P0844,P0406"
P0927,Dinner Furnitur,Furniture,Vietnam,S046,2101,1498.12,15,127,0,"P0919,P0015,P0080"
P0928,Land Tool,Tools,China,S049,1393,733.4,20,635,0.29,"P0735,P0390,P0008"
P0929,Our Furnitur,Furniture,Malaysia,S016,4908,1596.18,5,482,0.19,"P0636,P0156,P0678"
P0930,Me Electronic,Electronics,South Korea,S061,2229,1328.98,20,453,0.69,"P0576,P0827,P0008"
P0931,Wait Footwea,Footwear,Bangladesh,S052,3862,1318.72,15,172,0.61,"P0950,P0605,P0359"
P0932,Strong Furnitur,Furniture,USA,S089,3463,1645.01,20,844,0.9,"P0739,P0692,P0460"
P0933,Chair Toy,Toys,China,S099,4706,1617.9,20,818,0.87,"P0849,P0477,P0173"
P0934,Wear Electronic,Electronics,USA,S052,2019,73.31,5,886,0.08,"P0700,P0128,P0484"
P0935,New Appare,Apparel,Pakistan,S037,4532,1584.68,10,417,0.89,"P0979,P0869,P0872"
P0936,Might Electronic,Electronics,Vietnam,S072,1509,791.26,5,594,0.2,"P0594,P0145,P0544"
P0937,Magazine Health & Beaut,Health & Beauty,India,S093,4127,832.12,10,71,0.02,"P0825,P0260,P0148"
P0938,Pick Health & Beaut,Health & Beauty,USA,S082,3567,1482.69,5,660,0.94,"P0491,P0405,P0196"
P0939,Week Home Appliance,Home Appliances,India,S050,2619,1096.19,10,753,0.9,"P0316,P0105,P0763"
P0940,Money Appare,Apparel,Vietnam,S082,2544,1054.85,20,566,0.57,"P0098,P0324,P0703"
P0941,Up Grocerie,Groceries,Mexico,S071,1584,1758.43,15,310,0.5,"P0814,P0199,P0374"
P0942,Short Toy,Toys,Indonesia,S033,740,235.29,20,14,0.88,"P0819,P0552,P0670"
P0943,Door Appare,Apparel,Bangladesh,S010,904,1989.17,5,180,0.28,"P0686,P0115,P0502"
P0944,Short Health & Beaut,Health & Beauty,Germany,S032,2794,1925.61,10,301,0.33,"P0277,P0135,P0153"
P0945,Past Tool,Tools,China,S086,2238,1660.97,5,221,0.56,"P0742,P0471,P0049"
P0946,Space Footwea,Footwear,USA,S086,3705,1110.05,15,162,0.68,"P0911,P0168,P0298"
P0947,Future Appare,Apparel,Vietnam,S037,3358,659.19,20,157,0.77,"P0814,P0710,P0936"
P0948,Investment Furnitur,Furniture,Malaysia,S051,3705,1045.12,20,789,0.9,"P0562,P0379,P0704"
P0949,Speech Furnitur,Furniture,Vietnam,S030,1585,1368.38,20,306,0.63,"P0597,P0457,P0874"
P0950,Project Appare,Apparel,Bangladesh,S017,2569,1099.03,15,606,0.14,"P0456,P0087,P0992"
P0951,Business Toy,Toys,Indonesia,S099,2515,741.57,15,533,0.35,"P0626,P0854,P0728"
P0952,Huge Footwea,Footwear,India,S037,771,1066.35,20,267,0.19,"P0289,P0408,P0182"
P0953,Join Jewelr,Jewelry,China,S018,1008,1906.8,15,125,0.91,"P0868,P0492,P0008"
P0954,Former Furnitur,Furniture,USA,S053,2890,1465.68,15,340,0.76,"P0375,P0745,P0646"
P0955,Figure Footwea,Footwear,USA,S009,55,1800.75,15,485,0.58,"P0254,P0423,P0319"
P0956,Ability Electronic,Electronics,South Korea,S064,4538,217.68,5,212,0.89,"P0115,P0419,P0759"
P0957,Food Home Appliance,Home Appliances,South Korea,S099,2227,362.3,20,176,0.78,"P0313,P0233,P0094"
P0958,Citizen Health & Beaut,Health & Beauty,USA,S015,3618,893.71,10,710,0.2,"P0370,P0651,P0786"
P0959,Body Electronic,Electronics,Vietnam,S099,4994,668.64,15,228,0.91,"P0282,P0081,P0918"
P0960,Letter Tool,Tools,Germany,S029,365,561.24,5,121,0.36,"P0925,P0039,P0309"
P0961,Surface Furnitur,Furniture,Vietnam,S062,4616,565.87,15,832,0.96,"P0800,P0222,P0026"
P0962,Like Footwea,Footwear,India,S089,1320,607.02,10,109,0.25,"P0489,P0668,P0727"
P0963,Sister Tool,Tools,Mexico,S076,4734,1476.37,10,647,0,"P0934,P0045,P0494"
P0964,Baby Home Appliance,Home Appliances,South Korea,S034,2826,445.73,20,310,0.41,"P0819,P0833,P0032"
P0965,Professor Electronic,Electronics,South Korea,S062,4985,1613.96,15,213,0.24,"P0622,P0073,P0220"
P0966,Old Jewelr,Jewelry,India,S019,166,942.01,5,151,0.02,"P0037,P0988,P0312"
P0967,Of Health & Beaut,Health & Beauty,USA,S049,1572,1255.84,5,821,0.09,"P0459,P0530,P0435"
P0968,Risk Home Appliance,Home Appliances,China,S038,3440,1161.46,10,402,0.46,"P0707,P0123,P0184"
P0969,Make Footwea,Footwear,Bangladesh,S096,2339,693.04,20,766,0.06,"P0685,P0406,P0192"
P0970,Near Footwea,Footwear,Bangladesh,S072,2605,489.97,20,820,0.67,"P0263,P0507,P0342"
P0971,Car Health & Beaut,Health & Beauty,Germany,S064,1650,1463.79,10,459,0.01,"P0002,P0644,P0153"
P0972,Suddenly Electronic,Electronics,Vietnam,S015,823,1213.69,5,310,0.22,"P0537,P0340,P0456"
P0973,Build Health & Beaut,Health & Beauty,USA,S096,1399,1484.27,5,967,0.18,"P0012,P0595,P0331"
P0974,Month Footwea,Footwear,USA,S087,1272,568.67,20,157,0.2,"P0683,P0775,P0321"
P0975,Various Jewelr,Jewelry,USA,S015,1331,1942.21,15,766,0.07,"P0003,P0256,P0244"
P0976,Billion Furnitur,Furniture,Vietnam,S043,2180,1436.04,15,239,0,"P0592,P0227,P0861"
P0977,World Appare,Apparel,Bangladesh,S072,1812,1379.19,20,819,0.45,"P0694,P0530,P0033"
P0978,Four Furnitur,Furniture,Malaysia,S026,4542,1849.25,15,287,0.25,"P0993,P0339,P0595"
P0979,Including Jewelr,Jewelry,India,S001,500,1300.29,5,97,0.27,"P0130,P0592,P0960"
P0980,He Jewelr,Jewelry,China,S008,4657,84.74,10,882,0.17,"P0138,P0806,P0093"
P0981,Movie Jewelr,Jewelry,Thailand,S060,4253,898.01,15,268,0.56,"P0291,P0296,P0200"
P0982,Son Toy,Toys,USA,S016,1904,708.82,10,127,0.97,"P0083,P0016,P0577"
P0983,Think Electronic,Electronics,China,S071,4674,1907.11,15,811,0.02,"P0420,P0751,P0722"
P0984,Seven Home Appliance,Home Appliances,South Korea,S085,2542,1195.66,20,663,0.06,"P0945,P0662,P0319"
P0985,Try Furnitur,Furniture,Vietnam,S060,1401,1900.52,5,205,0.82,"P0577,P0808,P0279"
P0986,Someone Toy,Toys,China,S072,1024,1707.14,5,397,0.98,"P0653,P0138,P0812"
P0987,Congress Toy,Toys,USA,S018,1872,772.63,15,682,0.43,"P0179,P0289,P0189"
P0988,Modern Health & Beaut,Health & Beauty,Germany,S084,1597,1804.34,5,462,0.67,"P0103,P0461,P0365"
P0989,Yourself Jewelr,Jewelry,India,S068,2885,1112.56,10,962,0.71,"P0873,P0662,P0649"
P0990,Environmental Health & Beaut,Health & Beauty,France,S085,384,1765.28,10,12,0.46,"P0950,P0227,P0084"
P0991,Stay Health & Beaut,Health & Beauty,India,S063,4221,124.07,15,874,0.59,"P0949,P0278,P0920"
P0992,Gas Home Appliance,Home Appliances,India,S006,2045,358.81,20,618,0.91,"P0778,P0663,P0728"
P0993,Onto Jewelr,Jewelry,Thailand,S094,2763,1727.76,5,98,0.63,"P0175,P0283,P0163"
P0994,Least Footwea,Footwear,Vietnam,S020,2034,1358.7,20,608,0.3,"P0555,P0880,P0177"
P0995,Choose Toy,Toys,China,S062,3492,42.08,20,713,0.52,"P0277,P0866,P0307"
P0996,Child Home Appliance,Home Appliances,USA,S061,3170,1017.34,5,848,0.98,"P0820,P0614,P0008"
P0997,Make Home Appliance,Home Appliances,India,S092,2464,1392.51,20,890,0.65,"P0198,P0968,P0746"
P0998,Discuss Jewelr,Jewelry,India,S051,907,1012.64,10,731,0.4,"P0585,P0626,P0775"
P0999,Teach Toy,Toys,USA,S023,1998,1142.03,15,575,0.95,"P0461,P0340,P0736"
P1000,Door Grocerie,Groceries,USA,S006,993,596.69,5,939,0.14,"P0334,P0458,P0446"
